codigo_nacional_farmaco_cd,codigo_descripcion,atc_farmaco_dispensado_cd,ddd_nomenclator_nm,ddd_por_envase,pvp_nomenclator_nm,precio_por_envase_nm
986430,ALGIDOL 12 SOBRES MONODOSIS GRANULADO SUSPENSION ORAL,N02AJ06,90.0,0.13,1.8,1.11
993584,ANALGILASA 20 COMPRIMIDOS,N02AJ06,90.0,0.22,1.68,1.05
994269,CONTUGESIC 60MG 20 COMPRIMIDOS LIBERACION PROLONGADA,N02AA08,150.0,8.0,3.11,1.99
999731,TRAMADOL ARISTO 50MG 60 CAPSULAS DURAS EFG,N02AX02,300.0,10.0,6.21,3.98
628354,TRAMADOL NORMON 100MG 100 AMPOLLAS 2ML SOLUCION INYECTABLE EFG,N02AX02,300.0,33.33,42.39,34.85
631085,DEPRANCOL A.S. 150MG 500 CAPSULAS LIBERACION SOSTENIDA,N02AC04,200.0,375.0,78.46,64.5
631374,DOLOCATIL CODEINA 650MG/30MG 500 COMPRIMIDOS,N02AJ06,90.0,5.56,55.56,45.68
632943,TIONER 100MG 100 AMPOLLAS 2ML SOLUCION INYECTABLE,N02AX02,300.0,33.33,70.94,58.32
632950,TIONER 50MG 500 CAPSULAS DURAS,N02AX02,300.0,83.33,41.54,34.15
634774,SOSEGON 30MG 50 AMPOLLAS 1ML INYECTABLE,N02AD01,200.0,7.5,20.35,16.73
642736,ADOLONTA 100MG 100 AMPOLLAS 2ML SOLUCION INYECTABLE,N02AX02,300.0,33.33,42.39,34.85
642744,ADOLONTA 100MG 100 SUPOSITORIOS,N02AX02,300.0,33.33,45.8,37.65
642751,ADOLONTA 50MG 500 CAPSULAS,N02AX02,300.0,83.33,41.54,34.15
645523,TRALGIOL 100MG 100 SUPOSITORIOS,N02AX02,300.0,33.33,45.8,37.65
645531,TRALGIOL 50MG 500 CAPSULAS,N02AX02,300.0,83.33,121.22,99.66
645549,TRAMADOL STADA 100MG 100 AMPOLLAS 2ML SOLUCION INYECTABLE EFG,N02AX02,300.0,33.33,42.4,34.86
646638,TRAMADOL RATIOPHARM 50MG 500 CAPSULAS EFG,N02AX02,300.0,83.33,41.54,34.15
647818,MST CONTINUS 10MG 100 COMPRIMIDOS LIBERACION CONTROLADA,N02AA01,100.0,10.0,14.95,12.29
647826,MST CONTINUS 30MG 100 COMPRIMIDOS LIBERACION PROLONGADA,N02AA01,100.0,30.0,35.88,29.5
647834,MST CONTINUS 60MG 100 COMPRIMIDOS LIBERACION PROLONGADA,N02AA01,100.0,60.0,66.5,54.67
647842,MST CONTINUS 100MG 500 COMPRIMIDOS LIBERACION PROLONGADA,N02AA01,100.0,500.0,99.75,82.01
648196,DOLOCATIL CODEINA 500MG/15MG 500 COMPRIMIDOS,N02AJ06,90.0,5.56,30.7,25.24
648501,FLUDETEN 30MG/500MG 500 COMPRIMIDOS EFERVESCENTES,N02AJ06,90.0,5.56,42.91,35.28
683931,OXICODONA KERN PHARMA 10MG 28 COMPRIMIDOS LIBERACION PROLONGADA EFG,N02AA05,75.0,3.73,7.62,4.88
683945,OXICODONA KERN PHARMA 20MG 28 COMPRIMIDOS LIBERACION PROLONGADA EFG,N02AA05,75.0,7.47,15.22,9.75
683962,OXICODONA KERN PHARMA 40MG 28 COMPRIMIDOS LIBERACION PROLONGADA EFG,N02AA05,75.0,14.93,30.44,19.5
683976,OXICODONA KERN PHARMA 80MG 28 COMPRIMIDOS LIBERACION PROLONGADA EFG,N02AA05,75.0,29.87,60.88,39.0
684893,"TRAMADOL/PARACETAMOL MYLAN PHARMAC 37,5MG/325MG 20 COMPR REC PELIC EFG",N02AJ13,300.0,0.07,2.97,1.9
685148,"TRAMADOL/PARACETAMOL STADA 37,5MG/325MG 20 COMPRIMIDOS RECUB PELIC EFG",N02AJ13,300.0,0.07,2.97,1.9
685149,COD-EFFERALGAN 500MG/30MG 16 COMPRIMIDOS EFERVESCENTES,N02AJ06,90.0,0.18,2.41,1.51
685153,"TRAMADOL/PARACETAMOL STADA 37,5/325MG 60 COMPRIMIDOS RECUB PELIC EFG",N02AJ13,300.0,0.2,8.88,5.69
685280,"TRAMADOL/PARACETAMOL AUROVITAS SP 37,5MG/325MG 20 COMPRIM REC PEL EFG",N02AJ13,300.0,0.07,2.97,1.9
687855,FLUDETEN 30MG/500MG 20 COMPRIMIDOS EFERVESCENTES,N02AJ06,90.0,0.22,2.89,1.81
687940,"TRAMADOL/PARACETAMOL MABO 37,5/325MG 20 COMPRIMIDOS RECUB PELICULA EFG",N02AJ13,300.0,0.07,2.97,1.9
687941,"TRAMADOL/PARACETAMOL MABO 37,5MG/325MG 60 COMPRIMIDOS RECUB PELIC EFG",N02AJ13,300.0,0.2,8.88,5.69
688082,"TRAMADOL/PARACETAMOL QUALIGEN 37,5/325MG 20 COMPRIMIDOS RECUB PELI EFG",N02AJ13,300.0,0.07,2.97,1.9
688288,ASTEFOR 400MG/30MG 30 SOBRES GRANULADO SUSPENSION ORAL,N02AJ08,90.0,0.33,7.02,4.5
688411,DURFENTA 12MCG/HORA 5 PARCHES TRANSDERMICOS EFG,N02AB03,1.2,3.6,7.02,4.5
688654,"TRAMADOL/PARACETAMOL TARBIS 37,5MG/325MG 20 COMPRIMIDOS TIRAS EFG",N02AJ13,300.0,0.07,2.97,1.9
688657,"TRAMADOL/PARACETAMOL TARBIS 37,5MG/325MG 20 COMPRIMIDOS BLISTER EFG",N02AJ13,300.0,0.07,2.97,1.9
688658,"TRAMADOL/PARACETAMOL TARBIS 37,5MG/325MG 60 COMPRIMIDOS BLISTER EFG",N02AJ13,300.0,0.2,8.88,5.69
688661,CAPTOR 75MG/650MG 20 COMPRIMIDOS BLISTER,N02AJ13,300.0,0.07,5.92,3.79
688662,CAPTOR 75MG/650MG 60 COMPRIMIDOS BLISTER,N02AJ13,300.0,0.2,17.75,11.37
688664,"TRAMADOL/PARACETAMOL APOTEX AG 37,5/325MG 20 COMPRIMIDOS (TIRAS) EFG",N02AJ13,300.0,0.07,2.97,1.9
688666,"TRAMADOL/PARACETAMOL APOTEX AG 37,5MG/325MG 20 COMPRIMIDOS (BLIST) EFG",N02AJ13,300.0,0.07,2.97,1.9
688667,"TRAMADOL/PARACETAMOL APOTEX AG 37,5MG/325MG 60 COMPRIMIDOS BLISTER EFG",N02AJ13,300.0,0.2,8.88,5.69
688672,TRAMADOL/PARACETAMOL STADAGEN 75MG/650MG 20 COMPRIMIDOS BLISTER,N02AJ13,300.0,0.07,5.92,3.79
688673,TRAMADOL/PARACETAMOL STADAGEN 75MG/650MG 60 COMPRIMIDOS (BLISTER),N02AJ13,300.0,0.2,17.75,11.37
688677,DILIBAN 75MG/650MG 20 COMPRIMIDOS (BLISTER),N02AJ13,300.0,0.07,5.92,3.79
688678,DILIBAN 75MG/650MG 60 COMPRIMIDOS (BLISTER),N02AJ13,300.0,0.2,17.75,11.37
688813,"TRAMADOL/PARACETAMOL ABAMED 37,5MG/325MG 20 COMPRIMIDOS (AL/PE) EFG",N02AJ13,300.0,0.07,2.97,1.9
688814,"TRAMADOL/PARACETAMOL ABAMED 37,5/325MG 20 COMPRIMID (AL/PVC/PVDC) EFG",N02AJ13,300.0,0.07,2.97,1.9
688816,"TRAMADOL/PARACETAMOL ABAMED 37,5MG/325MG 60 COMPRIMIDOS EFG",N02AJ13,300.0,0.2,8.88,5.69
688824,"TRAMADOL/PARACETAMOL MUNDOGEN 37,5/325MG 20 COMPRIMIDOS (AL/PE) EFG",N02AJ13,300.0,0.07,3.34,2.14
688825,"TRAMADOL/PARACETAMOL MUNDOGEN 37,5/325MG 20 COMPRIM (AL/PVC/PVDC) EFG",N02AJ13,300.0,0.07,3.34,2.14
688849,TRACIMOL 75MG/650MG 20 COMPRIMIDOS,N02AJ13,300.0,0.07,5.92,3.79
689403,BREAKYL 200MCG 10 PELICULAS BUCALES,N02AB03,0.6,3.33,41.95,26.87
689404,BREAKYL 200MCG 28 PELICULAS BUCALES,N02AB03,0.6,9.33,117.47,75.25
689861,"TRAMADOL/PARACETAMOL TECNIGEN 37,5/325MG 20 COMPRIM (AL/PVC/PVDC) EFG",N02AJ13,300.0,0.07,2.97,1.9
689865,"TRAMADOL/PARACETAMOL TECNIGEN 37,5MG/325MG 60 COMPRIMIDOS EFG",N02AJ13,300.0,0.2,8.88,5.69
689941,PALEXIA RETARD 25MG 60 COMPRIMIDOS LIBERACION PROLONGADA,N02AX06,400.0,3.75,22.01,14.1
689956,YANTIL RETARD 25MG 60 COMPRIMIDOS LIBERACION PROLONGADA,N02AX06,400.0,3.75,22.01,14.1
690238,FENTANILO MATRIX MYLAN 25MCG/HORA 5 PARCHES TRANSDERMICOS EFG,N02AB03,1.2,7.5,14.63,9.37
690244,FENTANILO MATRIX MYLAN 50MCG/HORA 5 PARCHES TRANSDERMICOS EFG,N02AB03,1.2,15.0,29.25,18.74
690251,FENTANILO MATRIX MYLAN 75MCG/HORA 5 PARCHES TRANSDERMICOS EFG,N02AB03,1.2,22.5,43.88,28.11
690258,FENTANILO MATRIX MYLAN 100MCG/HORA 5 PARCHES TRANSDERMICOS EFG,N02AB03,1.2,30.0,58.51,37.48
691744,TRAMADOL RETARD NORMON 100MG 20 COMPRIMIDOS LIBERACION PROLONGADA EFG,N02AX02,300.0,6.67,4.14,2.65
691745,TRAMADOL RETARD NORMON 100MG 60 COMPRIMIDOS LIBERACION PROLONGADA EFG,N02AX02,300.0,20.0,12.41,7.95
691746,TRAMADOL RETARD NORMON 150MG 20 COMPRIMIDOS LIBERACION PROLONGADA EFG,N02AX02,300.0,10.0,6.21,3.98
691747,TRAMADOL RETARD NORMON 150MG 60 COMPRIMIDOS LIBERACION PROLONGADA EFG,N02AX02,300.0,30.0,18.62,11.93
691748,TRAMADOL RETARD NORMON 200MG 20 COMPRIMIDOS LIBERACION PROLONGADA EFG,N02AX02,300.0,13.33,8.27,5.3
691749,TRAMADOL RETARD NORMON 200MG 60 COMPRIMIDOS LIBERACION PROLONGADA EFG,N02AX02,300.0,40.0,24.82,15.9
692335,"TRAMADOL/PARACETAMOL PENSA 37,5/325MG 20 COMPRIMIDOS (AL/POLIETIL) EFG",N02AJ13,300.0,0.07,2.97,1.9
692346,"TRAMADOL/PARACETAMOL PENSA 37,5/325MG 20 COMP (BLIST AL/PVC-PVDC) EFG",N02AJ13,300.0,0.07,2.97,1.9
692351,"TRAMADOL/PARACETAMOL PENSA 37,5/325MG 60 COMPRIMIDOS (AL/PVC/PVDC) EFG",N02AJ13,300.0,0.2,8.88,5.69
692841,"TRAMADOL/PARACETAMOL VISO FARM 37,5MG/325MG 20 COMPRIMIDOS REC PE EFG",N02AJ13,300.0,0.07,2.97,1.9
692845,"TRAMADOL/PARACETAMOL VISO FARM 37,5MG/325MG 60 COMPRIMIDOS REC PEL EFG",N02AJ13,300.0,0.2,8.88,5.69
693133,IBUPROFENO (ARGININA) CODEINA FARMALIDER (200MG+10MG)/ML 30ML 1 FRASCO,N02AJ08,90.0,0.33,2.5,1.6
693134,IBUPROFENO (ARGININA) CODEINA FARMALIDER 200MG+10MG/ML 60ML SOLUC ORAL,N02AJ08,90.0,0.67,4.68,3.0
693225,OXICODONA TECNIGEN 10MG 28 COMPRIMIDOS LIBERACION PROLONGADA EFG,N02AA05,75.0,3.73,7.62,4.88
693229,OXICODONA TECNIGEN 5MG 28 COMPRIMIDOS LIBERACION PROLONGADA EFG,N02AA05,75.0,1.87,3.81,2.44
693230,OXICODONA TECNIGEN 20MG 28 COMPRIMIDOS LIBERACION PROLONGADA EFG,N02AA05,75.0,7.47,15.22,9.75
693233,OXICODONA TECNIGEN 40MG 28 COMPRIMIDOS LIBERACION PROLONGADA EFG,N02AA05,75.0,14.93,30.44,19.5
693236,OXICODONA TECNIGEN 80MG 28 COMPRIMIDOS LIBERACION PROLONGADA EFG,N02AA05,75.0,29.87,60.88,39.0
693242,CONTUGESIC 90MG 60 COMPRIMIDOS LIBERACION PROLONGADA,N02AA08,150.0,36.0,11.29,7.23
693259,CONTUGESIC 120MG 60 COMPRIMIDOS LIBERACION PROLONGADA,N02AA08,150.0,48.0,15.0,9.61
693514,TRAMADOL RETARD MYLAN 100MG 20 COMPR LIBER PROLON (AL/PVC/PE/PVDC) EFG,N02AX02,300.0,6.67,4.14,2.65
693520,TRAMADOL RETARD MYLAN 100MG 60 COMPR LIBER PROLON (AL/PVC/PE/PVDC) EFG,N02AX02,300.0,20.0,12.41,7.95
693538,TRAMADOL RETARD MYLAN 150MG 20 COMPR LIBER PROLON (AL/PVC/PE/PVDC) EFG,N02AX02,300.0,10.0,6.21,3.98
693543,TRAMADOL RETARD MYLAN 150MG 60 COMPR LIBER PROLON (AL/PVC/PE/PVDC) EFG,N02AX02,300.0,30.0,18.62,11.93
693560,TRAMADOL RETARD MYLAN 200MG 20 COMPR LIBER PROLON (AL/PVC/PE/PVDC) EFG,N02AX02,300.0,13.33,8.27,5.3
693567,TRAMADOL RETARD MYLAN 200MG 60 COMPR LIBER PROLON (AL/PVC/PE/PVDC) EFG,N02AX02,300.0,40.0,24.82,15.9
757880,FIORINAL CODEINA SANDOZ 6 SUPOSITORIOS ADULTOS,N02AJ09,90.0,0.07,1.45,0.91
694338,"TRAMADOL/PARACETAMOL ALMUS 37,5MG/325MG 60 COMPRIMIDOS RECUB PELIC EFG",N02AJ13,300.0,0.2,8.88,5.69
694339,"TRAMADOL/PARACETAMOL ALMUS 37,5MG/325MG 20 COMPRIMIDOS RECUB PELIC EFG",N02AJ13,300.0,0.07,2.97,1.9
694341,"TRAMADOL/PARACETAMOL VIR 37,5MG/325MG 60 COMPRIMIDOS RECUB PELICUL EFG",N02AJ13,300.0,0.2,8.88,5.69
694342,"TRAMADOL/PARACETAMOL VIR 37,5MG/325MG 20 COMPRIMIDOS RECUB PELIC EFG",N02AJ13,300.0,0.07,2.97,1.9
694345,"TRAMADOL/PARACETAMOL CIPLA 37,5MG/325MG 20 COMPRIMIDOS RECUB PELIC EFG",N02AJ13,300.0,0.07,2.97,1.9
694416,"TRAMADOL/PARACETAMOL KRKA 37,5/325MG 20 COMPRIMIDOS RECUB PELICULA EFG",N02AJ13,300.0,0.07,2.97,1.9
694420,"TRAMADOL/PARACETAMOL KRKA 37,5MG/325MG 60 COMPRIMIDOS RECUB PELIC EFG",N02AJ13,300.0,0.2,8.88,5.69
694656,TRAMADOL/PARACETAMOL KRKA 75MG/650MG 20 COMPRIMIDOS RECUBIERT PELICULA,N02AJ13,300.0,0.07,5.92,3.79
694660,TRAMADOL/PARACETAMOL KRKA 75MG/650MG 60 COMPRIMIDOS RECUBIERT PELICULA,N02AJ13,300.0,0.2,17.75,11.37
695367,OXICODONA SANDOZ 40MG 28 COMPRIMIDOS LIBERACION PROLONGADA EFG,N02AA05,75.0,14.93,30.44,19.5
695373,OXICODONA SANDOZ 80MG 28 COMPRIMIDOS LIBERACION PROLONGADA EFG,N02AA05,75.0,29.87,60.88,39.0
695494,"AYDOLID CODEINA 1,2G/30MG 30 SOBRES GRANULADO SOLUCION ORAL",N02AJ09,90.0,0.33,7.88,5.05
695939,AVARIC 67MCG 4 COMPRIMIDOS SUBLINGUALES (POLIAMIDA/ALU/PVC/ALU),N02AB03,0.6,0.45,15.66,10.03
695941,AVARIC 67MCG 30 COMPRIMIDOS SUBLINGUALES (POLIAMIDA/ALU/PVC/ALU),N02AB03,0.6,3.35,117.46,75.24
695943,AVARIC 67MCG 4 COMPRIMIDOS SUBLINGUALES (POLIAMIDA/AI/PVC/AI-PET),N02AB03,0.6,0.45,15.66,10.03
695945,AVARIC 67MCG 30 COMPRIMIDOS SUBLINGUALES (POLIAMIDA/AI/PVC/AI-PET),N02AB03,0.6,3.35,117.46,75.24
695947,AVARIC 133MCG 4 COMPRIMIDOS SUBLINGUALES (POLIAMIDA/ALU/PVC-ALU),N02AB03,0.6,0.89,31.08,19.91
695949,AVARIC 133MCG 30 COMPRIMIDOS SUBLINGUALES (POLIAMIDA/ALU/PVC-ALU),N02AB03,0.6,6.65,203.07,149.35
695951,AVARIC 133MCG 4 COMPRIMIDOS SUBLINGUALES (POLIAMIDA/AI/PVC/AI-PET),N02AB03,0.6,0.89,31.08,19.91
695953,AVARIC 133MCG 30 COMPRIMIDOS SUBLINGUALES (POLIAMIDA/AI/PVC/AI-PET),N02AB03,0.6,6.65,203.07,149.35
695955,AVARIC 267MCG 4 COMPRIMIDOS SUBLINGUALES (POLIAMIDA/ALU/PVC-ALU),N02AB03,0.6,1.78,11.01,7.05
695958,AVARIC 267MCG 30 COMPRIMIDOS SUBLINGUALES (POLIAMIDA/ALU/PVC-ALU),N02AB03,0.6,13.35,82.52,52.86
695960,AVARIC 267MCG 4 COMPRIMIDOS SUBLINGUALES (POLIAMIDA/AI/PVC/AI-PET),N02AB03,0.6,1.78,11.01,7.05
695962,AVARIC 267MCG 30 COMPRIMIDOS SUBLINGUALES (POLIAMIDA/AI/PVC/AI-PET),N02AB03,0.6,13.35,82.52,52.86
695964,AVARIC 400MCG 4 COMPRIMIDOS SUBLINGUALES (POLIAMIDA/ALU/PVC-ALU),N02AB03,0.6,2.67,16.49,10.56
695966,AVARIC 400MCG 30 COMPRIMIDOS SUBLINGUALES (POLIAMIDA/ALU/PVC-ALU),N02AB03,0.6,20.0,123.64,79.2
695968,AVARIC 400MCG 4 COMPRIMIDOS SUBLINGUALES (POLIAMIDA/AI/PVC/AI-PET),N02AB03,0.6,2.67,16.49,10.56
695970,AVARIC 400MCG 30 COMPRIMIDOS SUBLINGUALES (POLIAMIDA/AI/PVC/AI-PET),N02AB03,0.6,20.0,74.18,47.52
695972,AVARIC 533MCG 4 COMPRIMIDOS SUBLINGUALES (POLIAMIDA/ALU/PVC-ALU),N02AB03,0.6,3.55,21.96,14.07
695974,AVARIC 533MCG 30 COMPRIMIDOS SUBLINGUALES (POLIAMIDA/ALU/PVC-ALU),N02AB03,0.6,26.65,157.5,105.53
695976,AVARIC 533MCG 4 COMPRIMIDOS SUBLINGUALES (POLIAMIDA/AI/PVC/AI-PET),N02AB03,0.6,3.55,21.96,14.07
695978,AVARIC 533MCG 30 COMPRIMIDOS SUBLINGUALES (POLIAMIDA/AI/PVC/AI-PET),N02AB03,0.6,26.65,157.5,105.53
695980,AVARIC 800MCG 4 COMPRIMIDOS SUBLINGUALES (POLIAMIDA/ALU/PVC-ALU),N02AB03,0.6,5.33,32.97,21.12
695983,AVARIC 800MCG 30 COMPRIMIDOS SUBLINGUALES (POLIAMIDA/ALU/PVC-ALU),N02AB03,0.6,40.0,212.47,158.39
695985,AVARIC 800MCG 4 COMPRIMIDOS SUBLINGUALES (POLIAMIDA/AI/PVC/AI-PET),N02AB03,0.6,5.33,32.97,21.12
695987,AVARIC 800MCG 30 COMPRIMIDOS SUBLINGUALES (POLIAMIDA/AI/PVC/AI-PET),N02AB03,0.6,40.0,146.59,95.04
696005,ZOMORPH 10MG 60 CAPSULAS DURAS LIBERACION PROLONGADA,N02AA01,100.0,6.0,5.92,3.79
696013,ZOMORPH 30MG 60 CAPSULAS DURAS LIBERACION PROLONGADA,N02AA01,100.0,18.0,17.73,11.36
696021,ZOMORPH 60MG 60 CAPSULAS DURAS LIBERACION PROLONGADA,N02AA01,100.0,36.0,35.47,22.72
696039,SKENAN 60MG 30 CAPSULAS LIBERACION GRADUAL,N02AA01,100.0,18.0,23.99,15.37
696047,ZOMORPH 100MG 60 CAPSULAS DURAS LIBERACION PROLONGADA,N02AA01,100.0,60.0,59.12,37.87
696054,SKENAN 100MG 30 CAPSULAS LIBERACION GRADUAL,N02AA01,100.0,30.0,35.75,22.9
696136,"TRAMADOL/PARACETAMOL ALTER 37,5/325MG 20 COMP REC PE (PVC-PVDC-AL) EFG",N02AJ13,300.0,0.07,2.97,1.9
696137,TAIOMA 5MG 28 COMPRIMIDOS LIBERACION PROLONGADA EFG,N02AA05,75.0,1.87,3.81,2.44
696139,TAIOMA 10MG 28 COMPRIMIDOS LIBERACION PROLONGADA EFG,N02AA05,75.0,3.73,7.62,4.88
696140,TAIOMA 20MG 28 COMPRIMIDOS LIBERACION PROLONGADA EFG,N02AA05,75.0,7.47,15.22,9.75
696141,TAIOMA 40MG 28 COMPRIMIDOS LIBERACION PROLONGADA EFG,N02AA05,75.0,14.93,30.44,19.5
696142,TAIOMA 80MG 28 COMPRIMIDOS LIBERACION PROLONGADA EFG,N02AA05,75.0,29.87,60.88,39.0
696643,DOLOCATIL CODEINA 500MG/15MG 30 COMPRIMIDOS (TIRAS),N02AJ06,90.0,0.33,2.62,1.68
696874,"TRAMADOL/PARACETAMOL COMBIX 37,5/325MG 20 COMPRIMIDOS RECUB PELIC EFG",N02AJ13,300.0,0.07,2.97,1.9
696906,DOLOMEDIL 500MG/10MG 20 COMPRIMIDOS,N02AJ06,90.0,0.22,2.39,1.53
697003,TRAMADOL RETARD STADA 150MG 20 COMPRIMIDOS LIBERACION PROLONGADA EFG,N02AX02,300.0,10.0,6.21,3.98
697004,TRAMADOL RETARD STADA 150MG 60 COMPRIMIDOS LIBERACION PROLONGADA EFG,N02AX02,300.0,30.0,18.62,11.93
697005,TRAMADOL RETARD STADA 100MG 20 COMPRIMIDOS LIBERACION PROLONGADA EFG,N02AX02,300.0,6.67,4.14,2.65
697006,TRAMADOL RETARD STADA 100MG 60 COMPRIMIDOS LIBERACION PROLONGADA EFG,N02AX02,300.0,20.0,12.41,7.95
697009,TRAMADOL RETARD STADA 200MG 20 COMPRIMIDOS LIBERACION PROLONGADA EFG,N02AX02,300.0,13.33,8.27,5.3
697010,TRAMADOL RETARD STADA 200MG 60 COMPRIMIDOS LIBERACION PROLONGADA EFG,N02AX02,300.0,40.0,24.82,15.9
697024,TRAMADOL RETARD TEVA 100MG 20 COMPRIMIDOS LIBERACION PROLONGADA EFG,N02AX02,300.0,6.67,4.14,2.65
697025,TRAMADOL RETARD TEVA 100MG 60 COMPRIMIDOS LIBERACION PROLONGADA EFG,N02AX02,300.0,20.0,12.41,7.95
697075,TRAMADOL RETARD RATIOPHARM 100MG 20 COMPRIMIDOS LIBERACION PROLONG EFG,N02AX02,300.0,6.67,4.14,2.65
697076,TRAMADOL RETARD RATIOPHARM 100MG 60 COMPRIMIDOS LIBERACION PROLONG EFG,N02AX02,300.0,20.0,12.41,7.95
697077,TRAMADOL RETARD RATIOPHARM 150MG 20 COMPRIMIDOS LIBERACION PROLONG EFG,N02AX02,300.0,10.0,6.21,3.98
697078,TRAMADOL RETARD RATIOPHARM 150MG 60 COMPRIMIDOS LIBERACION PROLONG EFG,N02AX02,300.0,30.0,18.62,11.93
697103,TRAMADOL RETARD RATIOPHARM 200MG 20 COMPRIMIDOS LIBERACION PROLONG EFG,N02AX02,300.0,13.33,8.27,5.3
697104,TRAMADOL RETARD RATIOPHARM 200MG 60 COMPRIMIDOS LIBERACION PROLONG EFG,N02AX02,300.0,40.0,24.82,15.9
697171,TRAMADOL RETARD TEVA 200MG 20 COMPRIMIDOS LIBERACION PROLONGADA EFG,N02AX02,300.0,13.33,8.27,5.3
697172,TRAMADOL RETARD TEVA 200MG 60 COMPRIMIDOS LIBERACION PROLONGADA EFG,N02AX02,300.0,40.0,24.82,15.9
697173,TRAMADOL RETARD TEVA 150MG 20 COMPRIMIDOS LIBERACION PROLONGADA EFG,N02AX02,300.0,10.0,6.21,3.98
697174,TRAMADOL RETARD TEVA 150MG 60 COMPRIMIDOS LIBERACION PROLONGADA EFG,N02AX02,300.0,30.0,18.62,11.93
697447,"TRAMADOL/PARACETAMOL FARMA TARBIS 37,5/325MG 20 COMP (TIRAS AL/PO) EFG",N02AJ13,300.0,0.07,2.97,1.9
697448,"TRAMADOL/PARACETAMOL FARMA TARBIS 37,5/325MG 20 COMP (AL/PVC/PVDC) EFG",N02AJ13,300.0,0.07,2.97,1.9
697450,"TRAMADOL/PARACETAMOL FARMA TARBIS 37,5/325MG 60 COMP (AL/PVC/PVDC) EFG",N02AJ13,300.0,0.2,8.88,5.69
697453,"TRAMADOL/PARACETAMOL ALZYL 37,5MG/325MG 20 COMPR (TIRAS AL/POLIET) EFG",N02AJ13,300.0,0.07,2.97,1.9
697454,"TRAMADOL/PARACETAMOL ALZYL 37,5MG/325MG 20 COMPRIMID (AL/PVC/PVDC) EFG",N02AJ13,300.0,0.07,2.97,1.9
697509,"TRAMADOL/PARACETAMOL APOTEX 37,5MG/325MG 20 COMPR REC PELIC BLIST EFG",N02AJ13,300.0,0.07,2.97,1.9
697523,TRAMADOL/PARACETAMOL TEVA 75/650MG 20 COMP REC PEL (BLIST PVC/PVDC/AL),N02AJ13,300.0,0.07,5.92,3.79
697524,TRAMADOL/PARACETAMOL TEVA 75/650MG 60 COMPRIMIDOS REC PEL (PVC/PVDC/AL,N02AJ13,300.0,0.2,17.75,11.37
697529,TRAMADOL/PARACETAMOL RATIOPHARM 75/650MG 20 COMP REC PEL (PVC/PVDC/AL),N02AJ13,300.0,0.07,5.92,3.79
697530,TRAMADOL/PARACETAMOL RATIOPHARM 75MG/650MG 60 COMPR REC PELIC (PVC-PVD,N02AJ13,300.0,0.2,17.75,11.37
10070,TARGIN 20MG/10MG 50 COMPRIMIDOS LIBERACION PROLONGADA,N02AA55,75.0,13.33,128.09,0.0
550003,TARGIN 20MG/10MG 50 COMPRIMIDOS LIBERACION PROLONGADA,N02AA55,75.0,13.33,128.09,0.0
570025,MORFINA 1MG/ML 1ML 1 AMPOLLA SOLUCION INYECTABLE SIN CONSERVANTES (FM),N02AA01,30.0,0.03,0.0,0.0
570026,MORFINA 20MG/ML 20ML 1 VIAL SOLUCION INYECTABLE SIN CONSERVANTE (FM),N02AA01,30.0,13.33,0.0,0.0
570027,MORFINA 40MG/ML 10ML 1 AMPOLLA SOLUCION INYECTABLE SIN CONSERVANT (FM),N02AA01,30.0,13.33,0.0,0.0
570800,"MORFINA 0,4MG/ML 15ML 1 FRASCO SOLUCION ORAL (FM)",N02AA01,100.0,0.06,0.0,0.0
570971,MORFINA 2MG/ML 100ML 1 FRASCO SOLUCION ORAL (FM),N02AA01,100.0,2.0,0.0,0.0
570980,"MORFINA 0,2MG/ML 50ML 1 FRASCO SOLUCION ORAL (FM)",N02AA01,100.0,0.1,0.0,0.0
600007,TRAMADOL ARISTO 50MG 500 CAPSULAS DURAS EFG,N02AX02,300.0,83.33,41.54,34.15
650097,DOLVIRAN 400MG/10MG/50MG 20 COMPRIMIDOS,N02AJ07,90.0,88.89,1.76,1.13
600262,ADOLONTA RETARD 100MG 500 COMPRIMIDOS LIBERACION PROLONGADA,N02AX02,300.0,166.67,225.67,185.53
600270,ADOLONTA RETARD 150MG 500 COMPRIMIDOS LIBERACION PROLONGADA,N02AX02,300.0,250.0,327.17,268.97
600288,ADOLONTA RETARD 200MG 500 COMPRIMIDOS LIBERACION PROLONGADA,N02AX02,300.0,333.33,428.82,352.54
600320,ADOLONTA 100MG/ML 10ML 20 FRASCOS GOTAS ORALES SOLUCION,N02AX02,300.0,66.67,94.22,77.46
650291,ALGIDOL 20 SOBRES MONODOSIS GRANULADO SUSPENSION ORAL,N02AJ06,90.0,0.22,2.9,1.82
600957,TRAMADOL STADA 50MG 500 CAPSULAS EFG,N02AX02,300.0,83.33,0.0,0.0
601161,TERMALDINA CODEINA 300MG/15MG 500 CAPSULAS,N02AJ06,90.0,5.56,40.99,33.7
601856,SKENAN 200MG 100 CAPSULAS RETARD,N02AA01,100.0,200.0,132.46,108.9
602494,ADOLONTA RETARD 50MG 150 COMPRIMIDOS LIBERACION PROLONGADA,N02AX02,300.0,25.0,15.97,13.13
650685,OXYNORM 5MG 28 CAPSULAS,N02AA05,75.0,1.87,3.81,2.44
602499,NOBLIGAN RETARD 50MG 150 COMPRIMIDOS LIBERACION PROLONGADA,N02AX02,300.0,25.0,15.97,13.13
650687,OXYNORM 10MG 28 CAPSULAS,N02AA05,75.0,3.73,7.62,4.88
602885,"ZALDIAR 37,5MG/325MG 100 COMPRIMIDOS EFERVESCENTES",N02AJ13,300.0,0.33,11.97,9.84
649707,DOLOCATIL CODEINA 325MG/15MG 500 COMPRIMIDOS,N02AJ06,90.0,5.56,34.7,28.53
649780,ZOMORPH 100MG 100 CAPSULAS DURAS LIBERACION PROLONGADA,N02AA01,100.0,100.0,69.95,57.51
649798,ZOMORPH 60MG 100 CAPSULAS DURAS LIBERACION PROLONGADA,N02AA01,100.0,60.0,46.65,38.35
649806,ZOMORPH 30MG 100 CAPSULAS DURAS LIBERACION PRLONGADA,N02AA01,100.0,30.0,25.17,20.69
649814,ZOMORPH 10MG 100 CAPSULAS DURAS LIBERACION PROLONGADA,N02AA01,100.0,10.0,10.49,8.62
649863,COD-EFFERALGAN 500MG/30MG 500 COMPRIMIDOS EFERVESCENTES,N02AJ06,90.0,5.56,49.51,40.7
650098,DOLVIRAN 400MG/10MG/50MG 10 SUPOSITORIOS ADULTOS,N02AJ07,90.0,44.44,1.86,1.19
650466,DOLODOL FLAS 50MG 20 COMPRIMIDOS BUCODISPERSABLES,N02AX02,300.0,3.33,2.5,1.6
650467,DOLODOL FLAS 50MG 60 COMPRIMIDOS BUCODISPERSABLES,N02AX02,300.0,10.0,6.21,3.98
650691,OXYNORM 20MG 28 CAPSULAS,N02AA05,75.0,7.47,15.22,9.75
650823,OXYNORM CONCENTRADO 10MG/ML 30ML SOLUCION ORAL,N02AA05,75.0,4.0,8.16,5.23
650938,FENTANILO MATRIX SANDOZ 100MCG/HORA 5 PARCHES TRANSDERMICOS EFG,N02AB03,1.2,30.0,58.51,37.48
651287,PALLADONE CONTINUS 4MG 56 CAPSULAS LIBERACION MODIFICADA,N02AA03,20.0,11.2,30.22,19.36
651289,PALLADONE CONTINUS 8MG 56 CAPSULAS LIBERACION MODIFICADA,N02AA03,20.0,22.4,60.43,38.71
651291,PALLADONE CONTINUS 16MG 56 CAPSULAS LIBERACION MODIFICADA,N02AA03,20.0,44.8,120.86,77.42
653394,DARVON 100MG 10 CAPSULAS,N02AC04,300.0,3.33,1.64,1.05
651293,PALLADONE CONTINUS 24MG 56 CAPSULAS LIBERACION MODIFICADA,N02AA03,20.0,67.2,168.52,116.13
651443,"PAZITAL 37,5MG/325MG 20 COMPRIMIDOS RECUBIERTOS PELICULA",N02AJ13,300.0,0.07,2.97,1.9
651444,"PAZITAL 37,5MG/325MG 60 COMPRIMIDOS RECUBIERTOS PELICULA",N02AJ13,300.0,0.2,8.88,5.69
651505,OXYCONTIN 10MG 28 COMPRIMIDOS LIBERACION MODIFICADA,N02AA05,75.0,3.73,7.62,4.88
651679,OXYCONTIN 20MG 28 COMPRIMIDOS LIBERACION MODIFICADA,N02AA05,75.0,7.47,15.22,9.75
652008,ADOLONTA 50MG 60 CAPSULAS,N02AX02,300.0,10.0,6.21,3.98
652097,"DUROGESIC MATRIX 12MCG/HORA 5 PARCHES TRANSDERMICOS 2,1MG",N02AB03,1.2,3.6,7.02,4.5
652099,OXYCONTIN 40MG 28 COMPRIMIDOS LIBERACION MODIFICADA,N02AA05,75.0,14.93,30.44,19.5
652114,FENTANILO MATRIX SANDOZ 25MCG/HORA 5 PARCHES TRANSDERMICOS EFG,N02AB03,1.2,7.5,14.63,9.37
652116,FENTANILO MATRIX SANDOZ 50MCG/HORA 5 PARCHES TRANSDERMICOS EFG,N02AB03,1.2,15.0,29.25,18.74
652117,FENTANILO MATRIX SANDOZ 75MCG/HORA 5 PARCHES TRANSDERMICOS EFG,N02AB03,1.2,22.5,43.88,28.11
652293,FENTANILO ACOSTGEN 5MG 5 PARCHES TRANSDERMICOS EFG,N02AB03,1.2,15.0,42.99,27.54
652294,FENTANILO ACOSTGEN 10MG 5 PARCHES TRANSDERMICOS EFG,N02AB03,1.2,30.0,85.97,55.07
652295,"FENTANILO ACOSTGEN 2,5MG 5 PARCHES TRANSDERMICOS EFG",N02AB03,1.2,7.5,21.48,13.76
652296,"FENTANILO ACOSTLABS 2,5MG 5 PARCHES TRANSDERMICOS EFG",N02AB03,1.2,7.5,28.22,18.08
652299,FENTANILO ACOSTLABS 10MG 5 PARCHES TRANSDERMICOS EFG,N02AB03,1.2,30.0,86.0,55.09
652300,FENTANILO ACOSTLABS 5MG 5 PARCHES TRANSDERMICOS EFG,N02AB03,1.2,15.0,50.24,32.18
652301,"FENTANILO ACOST 2,5MG 5 PARCHES TRANSDERMICOS EFG",N02AB03,1.2,7.5,21.48,13.76
652302,FENTANILO ACOST 5MG 5 PARCHES TRANSDERMICOS EFG,N02AB03,1.2,15.0,42.99,27.54
652303,FENTANILO ACOST 10MG 5 PARCHES TRANSDERMICOS EFG,N02AB03,1.2,30.0,85.97,55.07
652304,"FENTANILO BEXAL 2,5MG 5 PARCHES TRANSDERMICOS EFG",N02AB03,1.2,7.5,21.48,13.76
652307,FENTANILO BEXAL 5MG 5 PARCHES TRANSDERMICOS EFG,N02AB03,1.2,15.0,42.99,27.54
652308,FENTANILO BEXAL 10MG 5 PARCHES TRANSDERMICOS EFG,N02AB03,1.2,30.0,85.97,55.07
652511,OXYCONTIN 80MG 28 COMPRIMIDOS LIBERACION MODIFICADA,N02AA05,75.0,29.87,60.88,39.0
652529,OXYCONTIN 80MG 56 COMPRIMIDOS LIBERACION PROLONGADA,N02AA05,75.0,59.73,0.0,0.0
652693,DOLANTINA 50MG/ML 2ML 10 AMPOLLAS SOLUCION INYECTABLE,N02AB02,400.0,2.5,7.48,4.79
652884,FLUDETEN 30MG/500MG 20 COMPRIMIDOS EFERVESCENTES,N02AJ06,90.0,0.22,2.5,1.6
653337,TRAMADOL ARISTO 50MG 20 CAPSULAS DURAS EFG,N02AX02,300.0,3.33,2.5,1.6
653345,TRAMADOL EDIGEN 50MG 60 CAPSULAS EFG,N02AX02,300.0,10.0,10.26,6.57
653857,TRALGIOL 50MG 60 CAPSULAS,N02AX02,300.0,10.0,0.0,0.0
653890,DOLPAR 100MG 30 COMPRIMIDOS LIBERACION PROLONGADA,N02AX02,300.0,10.0,6.21,3.98
653892,DOLPAR 200MG 30 COMPRIMIDOS LIBERACION PROLONGADA,N02AX02,300.0,20.0,12.41,7.95
653894,DOLPAR 300MG 30 COMPRIMIDOS LIBERACION PROLONGADA,N02AX02,300.0,30.0,18.62,11.93
661405,TIONER 100MG/ML 10ML SOLUCION ORAL,N02AX02,300.0,3.33,5.28,3.38
654783,TARGIN 20MG/10MG 56 COMPRIMIDOS LIBERACION PROLONGADA,N02AA55,75.0,14.93,50.77,32.52
654809,INSTANYL 100MCG 6 ENVASES UNIDOSIS SOLUCION PULVERIZACION NASAL,N02AB03,0.6,1.0,54.79,35.1
654810,INSTANYL 100MCG/DOSIS 10 DOSIS 1 ENVASE SOLUCION PULVERIZACION NASAL,N02AB03,0.6,1.67,91.32,58.5
654811,INSTANYL 100MCG/DOSIS 40 DOSIS 1 ENVASE SOLUCION PULVERIZACION NASAL,N02AB03,0.6,6.67,296.31,234.0
654812,INSTANYL 200MCG 6 ENVASES UNIDOSIS SOLUCION PULVERIZACION NASAL,N02AB03,0.6,2.0,54.79,35.1
654813,INSTANYL 200MCG/DOSIS 10 DOSIS 1 ENVASE SOLUCION PULVERIZACION NASAL,N02AB03,0.6,3.33,91.32,58.5
654815,INSTANYL 200MCG/DOSIS 40 DOSIS 1 ENVASE SOLUCION PULVERIZACION NASAL,N02AB03,0.6,13.33,296.31,234.0
654816,INSTANYL 50MCG 6 ENVASES UNIDOSIS SOLUCION PULVERIZACION NASAL,N02AB03,0.6,0.5,54.79,35.1
654817,INSTANYL 50MCG/DOSIS 10 DOSIS 1 ENVASE SOLUCION PULVERIZACION NASAL,N02AB03,0.6,0.83,91.32,58.5
654818,INSTANYL 50MCG/DOSIS 40 DOSIS 1 ENVASE SOLUCION PULVERIZACION NASAL,N02AB03,0.6,3.33,296.31,234.0
655998,JURNISTA 8MG 30 COMPRIMIDOS LIBERACION PROLONGADA,N02AA03,20.0,12.0,32.38,20.74
655999,JURNISTA 16MG 30 COMPRIMIDOS LIBERACION PROLONGADA,N02AA03,20.0,24.0,64.75,41.48
656000,JURNISTA 32MG 30 COMPRIMIDOS LIBERACION PROLONGADA,N02AA03,20.0,48.0,129.49,82.95
656231,TRAMADOL ASTA MEDICA 100MG 5 AMPOLLAS 2ML SOLUCION INYECTABLE EFG,N02AX02,300.0,1.67,3.26,2.09
661413,TIONER 100MG 12 SUPOSITORIOS,N02AX02,300.0,4.0,7.17,4.59
656669,MORFINA SERRA 20MG/ML 1ML 1 AMPOLLA SOLUCION INYECTABLE,N02AA01,30.0,0.67,0.69,0.44
656670,MORFINA SERRA 10MG/ML 1ML 10 AMPOLLAS SOLUCION INYECTABLE,N02AA01,30.0,3.33,3.01,1.93
656671,MORFINA SERRA 10MG/ML 1ML 1 AMPOLLA SOLUCION INYECTABLE,N02AA01,30.0,0.33,0.67,0.43
656724,PENTAZOCINA FIDES 30MG 10 AMPOLLAS 1ML INYECTABLE,N02AD01,200.0,1.5,4.61,2.95
656757,MORFINA B. BRAUN 10MG/ML 1ML 10 AMPOLLAS SOLUCION INYECTABLE,N02AA01,30.0,3.33,3.01,1.93
656758,MORFINA B. BRAUN 20MG/ML 2ML 10 AMPOLLAS SOLUCION INYECTABLE,N02AA01,30.0,13.33,3.95,2.53
656940,FENTANILO MATRIX RATIOPHARM 12MCG/HORA 5 PARCHES TRANSDE EFG,N02AB03,1.2,3.6,10.15,6.5
656941,FENTANILO MATRIX RATIOPHARM 50MCG/H 5 PARCHES TRANSDERMICOS EFG,N02AB03,1.2,15.0,42.41,27.17
656944,FENTANILO MATRIX RATIOPHARM 75MCG/H 5 PARCHES TRANSDERMICOS EFG,N02AB03,1.2,22.5,63.61,40.75
656945,FENTANILO MATRIX RATIOPHARM 25MCG/H 5 PARCHES TRANSDERMICOS EFG,N02AB03,1.2,7.5,21.2,13.58
656946,FENTANILO MATRIX RATIOPHARM 100MCG/H 5 PARCHES TRANSDERMICO EFG,N02AB03,1.2,30.0,84.81,54.33
657015,TRAMADOL RATIOPHARM 50MG 20 CAPSULAS EFG,N02AX02,300.0,3.33,2.5,1.6
657023,TRAMADOL RATIOPHARM 50MG 60 CAPSULAS EFG,N02AX02,300.0,10.0,6.21,3.98
658296,MATRIFEN 12MCG/HORA 5 PARCHES TRANSDERMICOS,N02AB03,1.2,3.6,7.02,4.5
658297,MATRIFEN 25MCG/HORA 5 PARCHES TRANSDERMICOS,N02AB03,1.2,7.5,14.63,9.37
658298,MATRIFEN 50MCG/HORA 5 PARCHES TRANSDERMICOS,N02AB03,1.2,15.0,29.25,18.74
658299,MATRIFEN 75MCG/HORA 5 PARCHES TRANSDERMICOS,N02AB03,1.2,22.5,43.88,28.11
658300,MATRIFEN 100MCG/HORA 5 PARCHES TRANSDERMICOS,N02AB03,1.2,30.0,58.51,37.48
658469,TRAMADOL STADA 100MG 5 AMPOLLAS 2ML SOLUCION INYECTABLE EFG,N02AX02,300.0,1.67,3.26,2.09
658470,TRAMADOL STADA 100MG/ML 10ML SOLUCION ORAL EFG,N02AX02,300.0,3.33,3.18,2.04
658471,TRAMADOL STADA 100MG/ML 30ML SOLUCION ORAL EFG,N02AX02,300.0,10.0,9.55,6.12
658521,FENDIVIA 25MCG/HORA 5 PARCHES TRANSDERMICOS,N02AB03,1.2,7.5,14.63,9.37
658522,FENDIVIA 50MCG/HORA 5 PARCHES TRANSDERMICOS,N02AB03,1.2,15.0,29.25,18.74
658523,FENDIVIA 75MCG/HORA 5 PARCHES TRANSDERMICOS,N02AB03,1.2,22.5,43.88,28.11
658524,FENDIVIA 100MCG/HORA 5 PARCHES TRANSDERMICOS,N02AB03,1.2,30.0,58.51,37.48
658530,GELOTRADOL 50MG 20 CAPSULAS DURAS LIBERACION PROLONGADA,N02AX02,300.0,3.33,2.5,1.6
658531,GELOTRADOL 50MG 60 CAPSULAS DURAS LIBERACION PROLONGADA,N02AX02,300.0,10.0,6.21,3.98
658532,GELOTRADOL 100MG 20 CAPSULAS DURAS LIBERACION PROLONGADA,N02AX02,300.0,6.67,4.14,2.65
658533,GELOTRADOL 100MG 60 CAPSULAS DURAS LIBERACION PROLONGADA,N02AX02,300.0,20.0,12.41,7.95
658539,GELOTRADOL 150MG 20 CAPSULAS DURAS LIBERACION PROLONGADA,N02AX02,300.0,10.0,6.21,3.98
658540,GELOTRADOL 150MG 60 CAPSULAS DURAS LIBERACION PROLONGADA,N02AX02,300.0,30.0,18.62,11.93
658541,GELOTRADOL 200MG 20 CAPSULAS DURAS LIBERACION PROLONGADA,N02AX02,300.0,13.33,8.27,5.3
658543,GELOTRADOL 200MG 60 CAPSULAS DURAS LIBERACION PROLONGADA,N02AX02,300.0,40.0,24.82,15.9
658583,FENDIVIA 12MCG/HORA 5 PARCHES TRANSDERMICOS,N02AB03,1.2,3.6,7.02,4.5
658621,ASTEFOR 400MG/30MG 30 COMPRIMIDOS RECUBIERTOS PELICULA,N02AJ08,90.0,0.33,7.02,4.5
658650,FENTANILO MATRIX RATIOPHARM 25MCG/H 5 PARCHES TRANSDERMICOS EFG,N02AB03,1.2,7.5,21.34,13.67
658651,FENTANILO MATRIX RATIOPHARM 50MCG/H 5 PARCHES TRANSDERMICOS EFG,N02AB03,1.2,15.0,42.84,27.44
658652,FENTANILO MATRIX RATIOPHARM 75MCG/H 5 PARCHES TRANSDERMICOS EFG,N02AB03,1.2,22.5,64.32,41.2
658653,FENTANILO MATRIX RATIOPHARM 100MCG/H 5 PARCHES TRANSDERMICO EFG,N02AB03,1.2,30.0,85.81,54.97
658654,FENTANILO MATRIX ZENTIVA 25MCG/HORA 5 PARCHES TRANSDERMICOS EFG,N02AB03,1.2,7.5,14.63,9.37
658655,FENTANILO MATRIX ZENTIVA 50MCG/HORA 5 PARCHES TRANSDERMICOS EFG,N02AB03,1.2,15.0,29.25,18.74
658656,FENTANILO MATRIX ZENTIVA 75MCG/HORA 5 PARCHES TRANSDERMICOS EFG,N02AB03,1.2,22.5,43.88,28.11
658657,FENTANILO MATRIX ZENTIVA 100MCG/HORA 5 PARCHES TRANSDERMICOS EFG,N02AB03,1.2,30.0,58.51,37.48
658668,ADOLONTA RETARD 50MG 20 COMPRIMIDOS LIBERACION PROLONGADA,N02AX02,300.0,3.33,2.5,1.6
658669,ADOLONTA RETARD 50MG 60 COMPRIMIDOS LIBERACION PROLONGADA,N02AX02,300.0,10.0,6.21,3.98
658678,NOBLIGAN RETARD 50MG 20 COMPRIMIDOS LIBERACION PROLONGADA,N02AX02,300.0,3.33,3.12,2.0
658679,NOBLIGAN RETARD 50MG 60 COMPRIMIDOS LIBERACION PROLONGADA,N02AX02,300.0,10.0,8.9,5.7
658743,OXYCONTIN 5MG 28 COMPRIMIDOS LIBERACION PROLONGADA,N02AA05,75.0,1.87,3.81,2.44
659151,TRADONAL RETARD 200MG 60 CAPSULAS DURAS LIBERACION PROLONGADA,N02AX02,300.0,40.0,24.82,15.9
659169,TRADONAL RETARD 150MG 60 CAPSULAS DURAS LIBERACION PROLONGADA,N02AX02,300.0,30.0,18.62,11.93
659177,TRADONAL RETARD 100MG 60 CAPSULAS DURAS LIBERACION PROLONGADA,N02AX02,300.0,20.0,12.41,7.95
659185,TRADONAL RETARD 50MG 60 CAPSULAS DURAS LIBERACION PROLONGADA,N02AX02,300.0,10.0,6.21,3.98
659213,DOLQ 20MG 12 COMPRIMIDOS EFERVESCENTES BLISTER,N02AA01,100.0,2.4,3.43,2.2
659214,DOLQ 20MG 12 COMPRIMIDOS EFERVESCENTES TUBO,N02AA01,100.0,2.4,3.43,2.2
659444,TRAMADOL ANGENERICO 50MG 20 CAPSULAS EFG,N02AX02,300.0,3.33,3.12,2.0
659445,TRAMADOL ANGENERICO 50MG 60 CAPSULAS EFG,N02AX02,300.0,10.0,6.23,3.99
660030,TRAMADOL ANGENERICO 100MG 5 AMPOLLAS 2ML SOLUCION INYECTABLE EFG,N02AX02,300.0,1.67,3.26,2.09
660123,TRAMADOL FARMALIDER 100MG/ML 1 FRASCO 10ML SOLUCION GOTAS EFG,N02AX02,300.0,3.33,3.18,2.04
660124,TRAMADOL FARMALIDER 100MG/ML 1 FRASCO 30ML SOLUCION GOTAS EFG,N02AX02,300.0,10.0,9.54,6.11
660754,JURNISTA 4MG 30 COMPRIMIDOS LIBERACION PROLONGADA,N02AA03,20.0,6.0,16.19,10.37
660785,FENTANILO MATRIX SANDOZ 12MCG/HORA 5 PARCHES TRANSDERMICOS EFG,N02AB03,1.2,3.6,7.49,4.8
660786,FENTANILO MATRIX SANDOZ 25MCG/HORA 5 PARCHES TRANSDERMICOS EFG,N02AB03,1.2,7.5,14.74,9.44
660788,FENTANILO MATRIX SANDOZ 50MCG/HORA 5 PARCHES TRANSDERMICOS EFG,N02AB03,1.2,15.0,29.58,18.95
660789,FENTANILO MATRIX SANDOZ 75MCG/HORA 5 PARCHES TRANSDERMICOS EFG,N02AB03,1.2,22.5,44.43,28.46
660790,FENTANILO MATRIX SANDOZ 100MCG/HORA 5 PARCHES TRANSDERMICOS EFG,N02AB03,1.2,30.0,59.26,37.96
661165,MST UNICONTINUS 200MG 30 CAPSULAS LIBERACION CONTROLADA,N02AA01,100.0,60.0,65.14,41.73
661173,MST UNICONTINUS 150MG 30 CAPSULAS LIBERACION CONTROLADA,N02AA01,100.0,45.0,53.17,34.06
661181,MST UNICONTINUS 120MG 30 CAPSULAS LIBERACION CONTROLADA,N02AA01,100.0,36.0,45.94,29.43
661199,MST UNICONTINUS 90MG 30 CAPSULAS LIBERACION CONTROLADA,N02AA01,100.0,27.0,35.81,22.94
661207,MST UNICONTINUS 60MG 30 CAPSULAS LIBERACION CONTROLADA,N02AA01,100.0,18.0,27.66,17.72
661215,MST UNICONTINUS 30MG 30 CAPSULAS LIBERACION CONTROLADA,N02AA01,100.0,9.0,14.16,9.07
661371,TIONER 50MG 60 CAPSULAS,N02AX02,300.0,10.0,16.84,10.79
661389,TIONER 50MG 20 CAPSULAS,N02AX02,300.0,3.33,6.57,4.21
661397,TIONER 100MG/ML 30ML 1 FRASCO SOLUCION ORAL,N02AX02,300.0,10.0,9.54,6.11
661421,TIONER 100MG 6 SUPOSITORIOS,N02AX02,300.0,2.0,0.0,2.57
661429,FENTANILO MATRIX RATIOPHARM 12MCG/HORA 5 PARCHES TRANSDERMICOS EFG,N02AB03,1.2,3.6,10.32,6.61
661439,TIONER 100MG 5 AMPOLLAS 2ML INYECTABLE,N02AX02,300.0,1.67,5.06,3.24
661850,SKENAN 200MG 60 CAPSULAS LIBERACION GRADUAL,N02AA01,100.0,120.0,105.4,67.52
661868,SKENAN 200MG 30 CAPSULAS LIBERACION GRADUAL,N02AA01,100.0,60.0,56.76,36.36
662110,NALPAIN 10MG/ML 2ML 10 AMPOLLAS SOLUCION INYECTABLE,N02AF02,80.0,0.5,0.0,0.0
662206,NIDOL 400MG/30MG 30 COMPRIMIDOS RECUBIERTOS PELICULA,N02AJ08,90.0,0.33,7.02,4.5
662207,NEOBRUFEN CON CODEINA 400MG/30MG 30 COMPRIMIDOS RECUBIERTOS PELICULA,N02AJ08,90.0,0.33,7.02,4.5
662278,ABSTRAL 100MCG 10 COMPRIMIDOS SUBLINGUALES,N02AB03,0.6,1.67,55.08,35.28
662279,ABSTRAL 100MCG 30 COMPRIMIDOS SUBLINGUALES,N02AB03,0.6,5.0,157.82,105.84
662280,ABSTRAL 200MCG 10 COMPRIMIDOS SUBLINGUALES,N02AB03,0.6,3.33,55.08,35.28
662281,ABSTRAL 200MCG 30 COMPRIMIDOS SUBLINGUALES,N02AB03,0.6,10.0,157.82,105.84
662282,ABSTRAL 300MCG 10 COMPRIMIDOS SUBLINGUALES,N02AB03,0.6,5.0,18.55,11.88
662283,ABSTRAL 300MCG 30 COMPRIMIDOS SUBLINGUALES,N02AB03,0.6,15.0,55.64,35.64
662284,ABSTRAL 400MCG 10 COMPRIMIDOS SUBLINGUALES,N02AB03,0.6,6.67,24.73,15.84
662285,ABSTRAL 400MCG 30 COMPRIMIDOS SUBLINGUALES,N02AB03,0.6,20.0,74.18,47.52
662286,ABSTRAL 600MCG 30 COMPRIMIDOS SUBLINGUALES,N02AB03,0.6,30.0,111.27,71.28
662289,ABSTRAL 800MCG 30 COMPRIMIDOS SUBLINGUALES,N02AB03,0.6,40.0,146.59,95.04
662457,"ZALDIAR 37,5MG/325MG 20 COMPRIMIDOS EFERVESCENTES",N02AJ13,300.0,0.07,2.97,1.9
662468,"PONTALSIC 37,5MG/325MG 20 COMPRIMIDOS EFERVESCENTES",N02AJ13,300.0,0.07,6.17,3.95
662577,"DUROGESIC MATRIX 100MCG/HORA 5 PARCHES TRANSDERMICOS 16,8MG",N02AB03,1.2,30.0,58.51,37.48
662585,"DUROGESIC MATRIX 50MCG/HORA 5 PARCHES TRANSDERMICOS 8,4MG",N02AB03,1.2,15.0,29.25,18.74
662593,"DUROGESIC MATRIX 25MCG/HORA 5 PARCHES TRANSDERMICOS 4,2MG",N02AB03,1.2,7.5,14.63,9.37
662734,TRAMADOL BEXAL 100MG 5 AMPOLLAS 2ML INYECTABLE EFG,N02AX02,300.0,1.67,3.26,2.09
662742,TRAMADOL SANDOZ 50MG 20 CAPSULAS EFG,N02AX02,300.0,3.33,2.5,1.6
662795,TRAMADOL RETARD GRUNENTHAL 50MG 20 COMPRIMIDOS LIBERACION PROLONG EFG,N02AX02,300.0,3.33,3.12,2.0
662796,TRAMADOL RETARD GRUNENTHAL 50MG 60 COMPRIMIDOS LIBERACION PROLONG EFG,N02AX02,300.0,10.0,6.23,3.99
662797,TRAMADOL RETARD GRUNENTHAL 100MG 20 COMPRIMIDOS LIBERACION PROLONG EFG,N02AX02,300.0,6.67,4.15,2.66
662798,TRAMADOL RETARD GRUNENTHAL 100MG 60 COMPRIMIDOS LIBERAC PROLONGADA EFG,N02AX02,300.0,20.0,12.44,7.97
662799,TRAMADOL RETARD GRUNENTHAL 150MG 20 COMPRIMIDOS LIBERAC PROLONGADA EFG,N02AX02,300.0,10.0,6.23,3.99
662800,TRAMADOL RETARD GRUNENTHAL 150MG 60 COMPRIMIDOS LIBERAC PROLONGADA EFG,N02AX02,300.0,30.0,18.67,11.96
662801,TRAMADOL RETARD GRUNENTHAL 200MG 20 COMPRIMIDOS LIBERAC PROLONGADA EFG,N02AX02,300.0,13.33,8.3,5.32
662802,TRAMADOL RETARD GRUNENTHAL 200MG 60 COMPRIMIDOS LIBERAC PROLONGADA EFG,N02AX02,300.0,40.0,24.9,15.95
662852,EFFENTORA 100MCG 4 COMPRIMIDOS BUCALES,N02AB03,0.6,0.67,8.38,5.37
662853,EFFENTORA 200MCG 4 COMPRIMIDOS BUCALES,N02AB03,0.6,1.33,16.78,10.75
662854,EFFENTORA 400MCG 4 COMPRIMIDOS BUCALES,N02AB03,0.6,2.67,33.56,21.5
662855,EFFENTORA 600MCG 4 COMPRIMIDOS BUCALES,N02AB03,0.6,4.0,36.72,23.52
662856,EFFENTORA 800MCG 4 COMPRIMIDOS BUCALES,N02AB03,0.6,5.33,36.72,23.52
662902,EFFENTORA 100MCG 28 COMPRIMIDOS BUCALES,N02AB03,0.6,4.67,35.23,22.57
662903,EFFENTORA 200MCG 28 COMPRIMIDOS BUCALES,N02AB03,0.6,9.33,70.48,45.15
662904,EFFENTORA 400MCG 28 COMPRIMIDOS BUCALES,N02AB03,0.6,18.67,140.97,90.3
662905,EFFENTORA 600MCG 28 COMPRIMIDOS BUCALES,N02AB03,0.6,28.0,150.48,98.78
662906,EFFENTORA 800MCG 28 COMPRIMIDOS BUCALES,N02AB03,0.6,37.33,150.48,98.78
662920,FELIBEN 35MCG/HORA 5 PARCHES TRANSDERMICOS,N02AE01,1.2,10.5,16.14,10.34
662922,FELIBEN 35MCG/HORA 10 PARCHES TRANSDERMICOS,N02AE01,1.2,21.0,32.3,20.69
662935,"FELIBEN 52,5MCG/HORA 5 PARCHES TRANSDERMICOS",N02AE01,1.2,15.75,24.23,15.52
662937,"FELIBEN 52,5MCG/HORA 10 PARCHES TRANSDERMICOS",N02AE01,1.2,31.5,48.44,31.03
662948,FELIBEN 70MCG/HORA 5 PARCHES TRANSDERMICOS,N02AE01,1.2,21.0,32.3,20.69
662950,FELIBEN 70MCG/HORA 10 PARCHES TRANSDERMICOS,N02AE01,1.2,42.0,64.6,41.38
663267,FENTANILO MATRIX RATIOPHARM 12MCG/HORA 5 PARCHES TRANSDERMICOS EFG,N02AB03,1.2,3.6,7.02,4.5
663269,FENTANILO MATRIX RATIOPHARM 75MCG/H 5 PARCHES TRANSDERMICOS EFG,N02AB03,1.2,22.5,44.13,28.27
663270,FENTANILO MATRIX RATIOPHARM 100MCG/H 5 PARCHES TRANSDERMICO EFG,N02AB03,1.2,30.0,58.84,37.69
663271,FENTANILO MATRIX RATIOPHARM 50MCG/H 5 PARCHES TRANSDERMICOS EFG,N02AB03,1.2,15.0,29.41,18.84
663272,FENTANILO MATRIX RATIOPHARM 25MCG/H 5 PARCHES TRANSDERMICOS EFG,N02AB03,1.2,7.5,14.71,9.42
663353,FENTANILO MATRIX SANDOZ 12MCG/HORA 5 PARCHES TRANSDERMICOS EFG,N02AB03,1.2,3.6,7.02,4.5
663354,FENTANILO MATRIX SANDOZ 25MCG/HORA 5 PARCHES TRANSDERMICOS EFG,N02AB03,1.2,7.5,14.71,9.42
663355,FENTANILO MATRIX SANDOZ 50MCG/HORA 5 PARCHES TRANSDERMICOS EFG,N02AB03,1.2,15.0,29.41,18.84
663356,FENTANILO MATRIX SANDOZ 75MCG/HORA 5 PARCHES TRANSDERMICOS EFG,N02AB03,1.2,22.5,44.13,28.27
663357,FENTANILO MATRIX SANDOZ 100MCG/HORA 5 PARCHES TRANSDERMICOS EFG,N02AB03,1.2,30.0,58.84,37.69
663377,MST 200 CONTINUS 200MG 30 COMPRIMIDOS LIBERACION CONTROLADA,N02AA01,100.0,60.0,59.12,37.87
663578,"INSTANYL 50MCG/DOSIS 10 DOSIS 1 FRASCO 1,8ML SOLUC PULVERIZACION NASAL",N02AB03,0.6,0.83,102.09,65.4
663580,INSTANYL 50MCG/DOSIS 40 DOSIS 1 FRASCO 5ML SOLUC PULVERIZACION NASAL,N02AB03,0.6,3.33,325.01,261.6
663581,"INSTANYL 100MCG/DOSIS 10 DOSIS 1 FRASCO 1,8ML SOLUC PULVERIZAC NASAL",N02AB03,0.6,1.67,102.09,65.4
663584,INSTANYL 100MCG/DOSIS 40 DOSIS 1 FRASCO 5ML SOLUC PULVERIZACION NASAL,N02AB03,0.6,6.67,325.01,261.6
663585,"INSTANYL 200MCG/DOSIS 10 DOSIS 1 FRASCO 1,8ML SOLUC PULVERIZAC NASAL",N02AB03,0.6,3.33,102.09,65.4
663587,INSTANYL 200MCG/DOSIS 40 DOSIS 1 FRASCO 5ML SOLUC PULVERIZACION NASAL,N02AB03,0.6,13.33,325.01,261.6
663684,OXYNORM 10MG/ML 5 AMPOLLAS 1ML SOLUCION INYECTABLE/PERFUSION,N02AA05,30.0,1.67,7.68,4.92
663685,OXYNORM 10MG/ML 5 AMPOLLAS 2ML SOLUCION INYECTABLE O PERFUSION,N02AA05,30.0,3.33,0.0,0.0
664014,FENTANILO AUROVITAS SPAIN 25MCG/HORA 5 PARCHES TRANSDERMICOS EFG,N02AB03,1.2,7.5,14.63,9.37
664015,FENTANILO AUROVITAS SPAIN 50MCG/HORA 5 PARCHES TRANSDERMICOS EFG,N02AB03,1.2,15.0,29.25,18.74
664016,FENTANILO AUROVITAS SPAIN 75MCG/HORA 5 PARCHES TRANSDERMICOS EFG,N02AB03,1.2,22.5,43.88,28.11
664017,FENTANILO AUROVITAS SPAIN 100MCG/HORA 5 PARCHES TRANSDERMICOS EFG,N02AB03,1.2,30.0,58.51,37.48
698702,"TRAMADOL/PARACETAMOL AUROVITAS 37,5MG/325MG 20 COMPRIMIDOS REC PEL EFG",N02AJ13,300.0,0.07,2.97,1.9
698736,PARACETAMOL/CODEINA PENSA 500MG/30MG 20 COMPRIMIDOS EFG,N02AJ06,90.0,0.22,2.34,1.5
698737,PARACETAMOL/CODEINA FARMALIDER 500MG/30MG 20 COMPRIMIDOS EFG,N02AJ06,90.0,0.22,2.34,1.5
700311,TRAMADOL/PARACETAMOL CINFA 75MG/650MG 20 COMPRIMIDOS REC PEL (PVC BLAN,N02AJ13,300.0,0.07,5.92,3.79
700313,TRAMADOL/PARACETAMOL CINFA 75MG/650MG 20 COMPRIM REC PEL (PVC/PVDC/AL,N02AJ13,300.0,0.07,5.92,3.79
700314,TRAMADOL/PARACETAMOL CINFA 75MG/650MG 60 COMPRIM REC PEL (PVC/PVDC/AL,N02AJ13,300.0,0.2,17.75,11.37
700769,DOLANTINA 50MG/ML 1ML 1 AMPOLLA SOLUCION INYECTABLE,N02AB02,400.0,0.12,0.0,0.0
700770,DOLANTINA 50MG/ML 1ML 10 AMPOLLAS SOLUCION INYECTABLE,N02AB02,400.0,1.25,7.42,4.75
701097,"TRAMADOL/PARACETAMOL ALTER 37,5MG/325MG 20 COMPR REC PELI (PVC-AL) EFG",N02AJ13,300.0,0.07,2.97,1.9
701723,CEPARIDIN 50MG 20 CAPSULAS EFG,N02AX02,300.0,3.33,2.5,1.6
701724,CEPARIDIN 50MG 60 CAPSULAS EFG,N02AX02,300.0,10.0,6.21,3.98
702041,"TRAMADOL/PARACETAMOL BRILL PHARMA 37,5MG/325MG 20 COMPRIM REC PEL EFG",N02AJ13,300.0,0.07,2.97,1.9
702589,TIONER 50MG 20 CAPSULAS DURAS,N02AX02,300.0,3.33,2.5,1.6
703207,TIONER 50MG 60 CAPSULAS DURAS,N02AX02,300.0,10.0,6.21,3.98
703977,"TRAMADOL/PARACETAMOL TEVA 37,5/325MG 60 COMPRIMIDOS RECUB PELICULA EFG",N02AJ13,300.0,0.2,8.88,5.69
704216,"TRAMADOL/PARACETAMOL RATIOPHARM 37,5/325MG 20 COMPR EFERVES 1 TUBO EFG",N02AJ13,300.0,0.07,2.97,1.9
704250,"TRAMADOL/PARACETAMOL CINFA 37,5/325MG 20 COMPRIMID EFERVESC 1 TUBO EFG",N02AJ13,300.0,0.07,2.97,1.9
704252,"TRAMADOL/PARACETAMOL TEVA 37,5/325MG 20 COMPRIMID EFERVESC 1 TUBO EFG",N02AJ13,300.0,0.07,2.97,1.9
704253,"TRAMADOL/PARACETAMOL STADA 37,5MG/325MG 20 COMPRIMIDOS EFERVESCENT EFG",N02AJ13,300.0,0.07,2.97,1.9
704257,"TRAMADOL/PARACETAMOL QUALIGEN 37,5/325MG 20 COMPRIM EFERVESCENTES EFG",N02AJ13,300.0,0.07,2.97,1.9
705268,"TRAMADOL/PARACETAMOL BLUEPHARMA 37,5MG/325MG 20 COMPRIMID REC PELI EFG",N02AJ13,300.0,0.07,2.97,1.9
705270,"TRAMADOL/PARACETAMOL BLUEPHARMA 37,5MG/325MG 60 COMPRIMID REC PELI EFG",N02AJ13,300.0,0.2,8.88,5.69
706066,"TRAMADOL/PARACETAMOL RATIOPHARM 37,5/325MG 60 COMPR REC PEL BLIST EFG",N02AJ13,300.0,0.2,8.88,5.69
706068,"TRAMADOL/PARACETAMOL APOTEX 37,5MG/325MG 60 COMPRIMID RECUB PELIC EFG",N02AJ13,300.0,0.2,8.88,5.69
706280,EDUNIX 16MG 30 COMPRIMIDOS LIBERACION PROLONGADA,N02AA03,20.0,24.0,64.75,41.48
706292,EDUNIX 32MG 30 COMPRIMIDOS LIBERACION PROLONGADA,N02AA03,20.0,48.0,129.49,82.95
706302,EDUNIX 4MG 30 COMPRIMIDOS LIBERACION PROLONGADA,N02AA03,20.0,6.0,16.19,10.37
706313,EDUNIX 8MG 30 COMPRIMIDOS LIBERACION PROLONGADA,N02AA03,20.0,12.0,32.38,20.74
706631,"TRAMADOL/PARACETAMOL QUALIGEN 37,5MG/325MG 60 COMPRIM RECUB PELIC EFG",N02AJ13,300.0,0.2,8.88,5.69
706645,TRAMADOL RETARD AUROVITAS SPAIN 100G 60 COMPRIMIDOS LIBERAC PROLON EFG,N02AX02,300.0,20.0,12.41,7.95
707214,"BUPRENORFINA ANDROMACO 52,5MCG/H 5 PARCHES TRANSDERMICOS EFG",N02AE01,1.2,21.0,32.3,20.69
707215,"BUPRENORFINA ANDROMACO 52,5MCG/H 10 PARCHES TRANSDERMICOS EFG",N02AE01,1.2,42.0,64.6,41.38
707217,BUPRENORFINA ANDROMACO 35MCG/H 5 PARCHES TRANSDERMICOS EFG,N02AE01,1.2,14.0,21.53,13.79
707218,BUPRENORFINA ANDROMACO 35MCG/H 10 PARCHES TRANSDERMICOS EFG,N02AE01,1.2,28.0,43.07,27.59
707219,BUPRENORFINA ANDROMACO 70MCG/H 5 PARCHES TRANSDERMICOS EFG,N02AE01,1.2,28.0,43.07,27.59
707220,BUPRENORFINA ANDROMACO 70MCG/H 10 PARCHES TRANSDERMICOS EFG,N02AE01,1.2,56.0,86.12,55.17
707729,ANALGILASA 12 SUPOSITORIOS,N02AJ06,90.0,0.13,0.0,0.0
708654,OXICODONA/NALOXONA STADA 10MG/5MG 56 COMPRIMIDOS LIBERAC PROLONGAD EFG,N02AA55,75.0,7.47,25.38,16.26
708668,OXICODONA/NALOXONA STADA 20MG/10MG 56 COMPRIMIDOS LIBERAC PROLONG EFG,N02AA55,75.0,14.93,50.77,32.52
708686,OXICODONA/NALOXONA STADA 30MG/15MG 56 COMPRIMIDOS LIBERAC PROLONG EFG,N02AA55,75.0,22.4,76.15,48.78
708703,OXICODONA/NALOXONA STADA 40MG/20MG 56 COMPRIMIDOS LIBERAC PROLONG EFG,N02AA55,75.0,29.87,101.53,65.04
708717,"OXICODONA/NALOXONA STADA 5MG/2,5MG 56 COMPRIMIDOS LIBERAC PROLONG EFG",N02AA55,75.0,3.73,12.69,8.13
708741,"CLANDERON 37,5MG/325MG 20 COMPRIMIDOS EFERVESCENTES TUBO EFG",N02AJ13,300.0,0.07,2.97,1.9
708767,CLANDERON 75MG/650MG 20 COMPRIMIDOS EFERVESCENTES,N02AJ13,300.0,0.07,5.92,3.79
709012,BUPRENORFINA STADA 35MCG/HORA 5 PARCHES TRANSDERMICOS EFG,N02AE01,1.2,14.0,21.53,13.79
709060,"BUPRENORFINA STADA 52,5MCG/HORA 5 PARCHES TRANSDERMICOS EFG",N02AE01,1.2,21.0,32.3,20.69
709107,BUPRENORFINA STADA 70MCG/HORA 5 PARCHES TRANSDERMICOS EFG,N02AE01,1.2,28.0,43.07,27.59
709798,BUPRENORFINA SANDOZ 35MCG/HORA 5 PARCHES TRANSDERMICOS EFG,N02AE01,1.2,14.0,21.53,13.79
709799,"BUPRENORFINA SANDOZ 52,5MCG/HORA 5 PARCHES TRANSDERMICOS EFG",N02AE01,1.2,21.0,32.3,20.69
709800,BUPRENORFINA SANDOZ 70MCG/HORA 5 PARCHES TRANSDERMICOS EFG,N02AE01,1.2,28.0,43.07,27.59
709826,BUPRENORFINA TEVA 35MCG/HORA 5 PARCHES TRANSDERMICOS EFG,N02AE01,1.2,14.0,21.53,13.79
709827,"BUPRENORFINA TEVA 52,5MCG/HORA 5 PARCHES TRANSDERMICOS EFG",N02AE01,1.2,21.0,32.3,20.69
709828,BUPRENORFINA TEVA 70MCG/HORA 5 PARCHES TRANSDERMICOS EFG,N02AE01,1.2,28.0,43.07,27.59
709852,BUPRENORFINA RATIOPHARM 35MCG/HORA 5 PARCHES TRANSDERMICOS EFG,N02AE01,1.2,14.0,21.53,13.79
709853,"BUPRENORFINA RATIOPHARM 52,5MCG/HORA 5 PARCHES TRANSDERMICOS EFG",N02AE01,1.2,21.0,32.3,20.69
709854,BUPRENORFINA RATIOPHARM 70MCG/HORA 5 PARCHES TRANSDERMICOS EFG,N02AE01,1.2,28.0,43.07,27.59
710030,GEXANA 35MCG/HORA 5 PARCHES TRANSDERMICOS EFG,N02AE01,1.2,14.0,21.53,13.79
710031,GEXANA 35MCG/HORA 10 PARCHES TRANSDERMICOS EFG,N02AE01,1.2,28.0,43.07,27.59
710032,"GEXANA 52,5MCG/HORA 5 PARCHES TRANSDERMICOS EFG",N02AE01,1.2,21.0,32.3,20.69
710033,"GEXANA 52,5MCG/HORA 10 PARCHES TRANSDERMICOS EFG",N02AE01,1.2,42.0,64.6,41.38
710034,GEXANA 70MCG/HORA 5 PARCHES TRANSDERMICOS EFG,N02AE01,1.2,28.0,43.07,27.59
710035,GEXANA 70MCG/HORA 10 PARCHES TRANSDERMICOS EFG,N02AE01,1.2,56.0,86.12,55.17
710260,"TRAMADOL/PARACETAMOL TAD 37,5MG/325MG 20 COMPRIMIDOS RECUB PELICUL EFG",N02AJ13,300.0,0.07,2.97,1.9
710261,"TRAMADOL/PARACETAMOL TAD 37,5MG/325MG 60 COMPRIMIDOS RECUB PELICUL EFG",N02AJ13,300.0,0.2,8.88,5.69
710684,"PAXIFLAS 37,5MG/325MG 20 COMPRIMIDOS BUCODISPERSABLES EFG",N02AJ13,300.0,0.07,2.97,1.9
710691,"PAXIFLAS 37,5MG/325MG 60 COMPRIMIDOS BUCODISPERSABLES EFG",N02AJ13,300.0,0.2,8.88,5.69
711031,ENANPLUS 75MG/25MG 20 COMPRIMIDOS RECUBIERTOS PELICULA (PA/AL/PVC/AL),N02AJ14,300.0,0.07,7.1,4.55
711032,ENANPLUS 75MG/25MG 20 COMPRIMIDOS RECUBIERTOS PELICULA (PVC/PE/PVDC/AL,N02AJ14,300.0,0.07,7.1,4.55
711033,ENANPLUS 75MG/25MG 20 COMPRIMIDOS RECUBIERTOS PELICULA (PVC-PVDC/AL),N02AJ14,300.0,0.07,7.1,4.55
711360,CLANDERON 75MG/650MG 20 COMPRIMIDOS RECUBIERTOS PELICULA,N02AJ13,300.0,0.07,5.92,3.79
711361,"CLANDERON 37,5MG/325MG 20 COMPRIMIDOS RECUBIERTOS PELICULA EFG",N02AJ13,300.0,0.07,2.97,1.9
711374,ACTIQ 400MCG 15 COMPRIMIDOS PARA CHUPAR CON APLICADOR BUCAL INTEGRADO,N02AB03,0.6,10.0,125.85,80.62
711408,ACTIQ 1200MCG 15 COMPRIMIDOS PARA CHUPAR CON APLICADOR BUCAL INTEGRADO,N02AB03,0.6,30.0,140.84,90.22
711531,ACTIQ 800MCG 15 COMPRIMIDOS PARA CHUPAR CON APLICADOR BUCAL INTEGRADO,N02AB03,0.6,20.0,140.84,90.22
711630,ACTIQ 600MCG 15 COMPRIMIDOS PARA CHUPAR CON APLICADOR BUCAL INTEGRADO,N02AB03,0.6,15.0,140.84,90.22
711646,"TRAMADOL/PARACETAMOL ALTER 37,5MG/325MG 60 COMP REC PELIC (PVC-AL) EFG",N02AJ13,300.0,0.2,8.88,5.69
711721,ACTIQ 1600MCG 15 COMPRIMIDOS PARA CHUPAR CON APLICADOR BUCAL INTEGRADO,N02AB03,0.6,40.0,140.84,90.22
711754,ACTIQ 200MCG 15 COMPRIMIDOS PARA CHUPAR CON APLICADOR BUCAL INTEGRADO,N02AB03,0.6,5.0,62.93,40.31
711812,DOLGESIC CODEINA 500MG/15MG 30 COMPRIMIDOS,N02AJ06,90.0,0.33,2.49,1.56
712112,"TANONALLA 5MG/2,5MG 56 COMPRIMIDOS LIBERACION PROLONGADA EFG",N02AA55,75.0,3.73,12.69,8.13
712122,TANONALLA 10MG/5MG 56 COMPRIMIDOS LIBERACION PROLONGADA EFG,N02AA55,75.0,7.47,25.38,16.26
712132,TANONALLA 20MG/10MG 56 COMPRIMIDOS LIBERACION PROLONGADA EFG,N02AA55,75.0,14.93,50.77,32.52
712144,TANONALLA 40MG/20MG 56 COMPRIMIDOS LIBERACION PROLONGADA EFG,N02AA55,75.0,29.87,101.53,65.04
712503,"OXICODONA/NALOXONA CINFA 5MG/2,5MG 56 COMPRIMIDOS LIBERAC PROLONG EFG",N02AA55,75.0,3.73,12.69,8.13
712504,OXICODONA/NALOXONA CINFA 10MG/5MG 56 COMPRIMIDOS LIBERAC PROLONG EFG,N02AA55,75.0,7.47,25.38,16.26
712506,OXICODONA/NALOXONA CINFA 20MG/10MG 56 COMPRIMIDOS LIBERAC PROLONG EFG,N02AA55,75.0,14.93,50.77,32.52
712507,OXICODONA/NALOXONA CINFA 40MG/20MG 56 COMPRIMIDOS LIBERAC PROLONG EFG,N02AA55,75.0,29.87,101.53,65.04
712740,ABFENTIQ 200MCG 3 COMPRIMIDOS PARA CHUPAR EFG,N02AB03,0.6,1.0,12.58,8.06
712741,ABFENTIQ 200MCG 15 COMPRIMIDOS PARA CHUPAR EFG,N02AB03,0.6,5.0,62.93,40.31
712742,ABFENTIQ 200MCG 30 COMPRIMIDOS PARA CHUPAR EFG,N02AB03,0.6,10.0,125.85,80.62
712743,ABFENTIQ 400MCG 3 COMPRIMIDOS PARA CHUPAR EFG,N02AB03,0.6,2.0,25.16,16.12
712744,ABFENTIQ 400MCG 15 COMPRIMIDOS PARA CHUPAR EFG,N02AB03,0.6,10.0,125.85,80.62
712746,ABFENTIQ 400MCG 30 COMPRIMIDOS PARA CHUPAR EFG,N02AB03,0.6,20.0,215.45,161.25
712747,ABFENTIQ 600MCG 3 COMPRIMIDOS PARA CHUPAR EFG,N02AB03,0.6,3.0,34.84,22.32
712748,ABFENTIQ 600MCG 15 COMPRIMIDOS PARA CHUPAR EFG,N02AB03,0.6,15.0,140.84,90.22
712749,ABFENTIQ 600MCG 30 COMPRIMIDOS PARA CHUPAR EFG,N02AB03,0.6,30.0,235.36,180.4
712750,ABFENTIQ 800MCG 3 COMPRIMIDOS PARA CHUPAR EFG,N02AB03,0.6,4.0,34.84,22.32
712751,ABFENTIQ 800MCG 15 COMPRIMIDOS PARA CHUPAR EFG,N02AB03,0.6,20.0,140.84,90.22
712753,ABFENTIQ 800MCG 30 COMPRIMIDOS PARA CHUPAR EFG,N02AB03,0.6,40.0,0.0,0.0
712754,ABFENTIQ 1200MCG 3 COMPRIMIDOS PARA CHUPAR EFG,N02AB03,0.6,6.0,34.84,22.32
712755,ABFENTIQ 1200MCG 15 COMPRIMIDOS PARA CHUPAR EFG,N02AB03,0.6,30.0,140.84,90.22
712756,ABFENTIQ 1200MCG 30 COMPRIMIDOS PARA CHUPAR EFG,N02AB03,0.6,60.0,0.0,0.0
712757,ABFENTIQ 1600MCG 3 COMPRIMIDOS PARA CHUPAR EFG,N02AB03,0.6,8.0,34.84,22.32
712758,ABFENTIQ 1600MCG 15 COMPRIMIDOS PARA CHUPAR EFG,N02AB03,0.6,40.0,140.84,90.22
712759,ABFENTIQ 1600MCG 30 COMPRIMIDOS PARA CHUPAR EFG,N02AB03,0.6,80.0,0.0,0.0
714014,"ZALDIAR 37,5MG/325MG 20 COMPRIMIDOS RECUBIERTOS PELICULA",N02AJ13,300.0,0.07,2.97,1.9
714048,"ZALDIAR 37,5MG/325MG 60 COMPRIMIDOS RECUBIERTOS PELICULA",N02AJ13,300.0,0.2,8.88,5.69
714277,TRAMADOL AUROVITAS 50MG 20 CAPSULAS DURAS EFG,N02AX02,300.0,3.33,2.5,1.6
714280,TRAMADOL AUROVITAS 50MG 60 CAPSULAS DURAS EFG,N02AX02,300.0,10.0,6.21,3.98
714602,"TRAMADOL/PARACETAMOL UXA 37,5MG/325MG 20 COMPRIMIDOS RECUB PELICUL EFG",N02AJ13,300.0,0.07,2.97,1.9
714653,"OXICODONA/NALOXONA RATIOPHARM 5MG/2,5MG 56 COMPRIMID LIBER PROLONG EFG",N02AA55,75.0,3.73,12.69,8.13
714670,OXICODONA/NALOXONA RATIOPHARM 20MG/10MG 56 COMPRIMID LIBER PROLONG EFG,N02AA55,75.0,14.93,50.77,32.52
714687,OXICODONA/NALOXONA RATIOPHARM 10MG/5MG 56 COMPRIMID LIBER PROLONG EFG,N02AA55,75.0,7.47,25.38,16.26
714704,OXICODONA/NALOXONA RATIOPHARM 40MG/20MG 56 COMPRIMID LIBER PROLONG EFG,N02AA55,75.0,29.87,101.53,65.04
714742,OXICODONA/NALOXONA TEVA 10MG/5MG 56 COMPRIMIDOS LIBERAC PROLONGADA EFG,N02AA55,75.0,7.47,25.38,16.26
714758,OXICODONA/NALOXONA TEVA 20MG/10MG 56 COMPRIMIDOS LIBERAC PROLONGAD EFG,N02AA55,75.0,14.93,50.77,32.52
714776,OXICODONA/NALOXONA TEVA 40MG/20MG 56 COMPRIMIDOS LIBERAC PROLONGAD EFG,N02AA55,75.0,29.87,101.53,65.04
714794,"OXICODONA/NALOXONA TEVA 5MG/2,5MG 56 COMPRIMIDOS LIBERAC PROLONGAD EFG",N02AA55,75.0,3.73,12.69,8.13
714811,OXICODONA/NALOXONA TEVA 30MG/15MG 56 COMPRIMIDOS LIBERAC PROLONGAD EFG,N02AA55,75.0,22.4,76.15,48.78
714865,CEPARIDIN 50MG 20 CAPSULAS EFG,N02AX02,300.0,3.33,3.12,2.0
731034,CLORURO MORFICO 10MG/ML 1ML 10 AMPOLLAS SOLUCION INYECTABLE,N02AA01,30.0,3.33,1.99,1.23
715292,CEPARIDIN 50MG 60 CAPSULAS EFG,N02AX02,300.0,10.0,6.23,3.99
715498,TRAMADOL AUROVITAS 50MG/ML 2ML 5 AMPOLLAS SOLUCION INYEC/PERFUSION EFG,N02AX02,300.0,1.67,3.26,2.09
716158,"TRAMADOL/PARACETAMOL STADA 37,5MG/325MG 20 COMPR REC PEL (PVC/AL) EFG",N02AJ13,300.0,0.07,2.97,1.9
716160,"TRAMADOL/PARACETAMOL STADA 37,5MG/325MG 60 COMPR REC PEL (PVC/AL) EFG",N02AJ13,300.0,0.2,8.88,5.69
716529,OXICODONA/NALOXONA KRKA 10MG/5MG 56 COMPRIM LIB PROL (PVC/PVDC-PET/AL),N02AA55,75.0,7.47,25.38,16.26
716531,OXICODONA/NALOXONA KRKA 20MG/10MG 56 COMPRIM LIB PROL (PVC/PVDC-PET/AL,N02AA55,75.0,14.93,50.77,32.52
716533,OXICODONA/NALOXONA KRKA 40MG/20MG 56 COMPRIM LIB PROL (PVC/PVDC-PET/AL,N02AA55,75.0,29.87,101.53,65.04
731042,CLORURO MORFICO 2% 10 AMPOLLAS 2ML SOLUCION INYECTABLE,N02AA01,30.0,13.33,2.29,1.41
716852,TRAMADOL KERN PHARMA 50MG 20 CAPSULAS EFG,N02AX02,300.0,3.33,2.5,1.6
716860,TRAMADOL KERN PHARMA 50MG 60 CAPSULAS EFG,N02AX02,300.0,10.0,6.21,3.98
716908,"TAIOMA PLUS 5MG/2,5MG 56 COMPRIMIDOS LIBERACION PROLONGADA EFG",N02AA55,75.0,3.73,12.69,8.13
716922,TAIOMA PLUS 40MG/20MG 56 COMPRIMIDOS LIBERACION PROLONGADA EFG,N02AA55,75.0,29.87,101.53,65.04
716937,TAIOMA PLUS 30MG/15MG 56 COMPRIMIDOS LIBERACION PROLONGADA EFG,N02AA55,75.0,22.4,76.15,48.78
716951,TAIOMA PLUS 20MG/10MG 56 COMPRIMIDOS LIBERACION PROLONGADA EFG,N02AA55,75.0,14.93,50.77,32.52
716965,TAIOMA PLUS 10MG/5MG 56 COMPRIMDOS LIBERACION PROLONGADA EFG,N02AA55,75.0,7.47,25.38,16.26
718239,"PONTALSIC 37,5MG/325MG 20 COMPRIMIDOS RECUBIERTOS PELICULA",N02AJ13,300.0,0.07,2.97,1.9
718486,"PONTALSIC 37,5MG/325MG 60 COMPRIMIDOS RECUBIERTOS PELICULA",N02AJ13,300.0,0.2,8.88,5.69
719151,"CLANDERON 37,5MG/325MG 60 COMPRIMIDOS RECUBIERTOS PELICULA EFG",N02AJ13,300.0,0.2,8.88,5.69
719152,CLANDERON 75MG/650MG 60 COMPRIMIDOS RECUBIERTOS PELICULA,N02AJ13,300.0,0.2,17.75,11.37
719598,"CLANDERON 37,5MG/325MG 60 COMPRIMIDOS EFERVESCENTES (TUBO) EFG",N02AJ13,300.0,0.2,8.88,5.69
719600,CLANDERON 75MG/650MG 60 COMPRIMIDOS EFERVESCENTES (TUBO),N02AJ13,300.0,0.2,17.75,11.37
720116,NOLXADO 10MG/5MG 56 COMPRIMIDOS LIBERACION PROLONGAD (PVC/PVDC-PET/AL),N02AA55,75.0,7.47,25.38,16.26
720140,NOLXADO 20MG/10MG 56 COMPRIMIDOS LIBERACION PROLONGAD (PVC/PVDC-PET/AL,N02AA55,75.0,14.93,50.77,32.52
720163,NOLXADO 40MG/20MG 56 COMPRIMIDOS LIBERACION PROLONG (PVC/PVDC-PET/AL),N02AA55,75.0,29.87,101.53,65.04
720312,MORFINA B. BRAUN 1MG/ML 1ML 10 AMPOLLAS SOLUCION INYECTABLE,N02AA01,30.0,0.33,0.0,0.0
720313,MORFINA B. BRAUN 20MG/ML 20ML 1 VIAL SOLUCION INYECTABLE,N02AA01,30.0,13.33,0.0,0.0
720314,MORFINA B. BRAUN 40MG/ML 10ML 10 AMPOLLAS SOLUCION INYECTABLE,N02AA01,30.0,133.33,0.0,0.0
720676,OXICODONA/NALOXONA MYLAN 40MG/20MG 56 COMPRIMIDOS LIBERAC PROLONG EFG,N02AA55,75.0,29.87,101.53,65.04
720690,OXICODONA/NALOXONA MYLAN 20MG/10MG 56 COMPRIMIDOS LIBERAC PROLONG EFG,N02AA55,75.0,14.93,50.77,32.52
720721,OXICODONA/NALOXONA MYLAN 10MG/5MG 56 COMPRIMIDOS LIBERAC PROLONGAD EFG,N02AA55,75.0,7.47,25.38,16.26
720736,"OXICODONA/NALOXONA MYLAN 5MG/2,5MG 56 COMPRIMIDOS LIBERAC PROLONG EFG",N02AA55,75.0,3.73,12.69,8.13
720801,MORFINA KALCEKS 10MG/ML 1ML 10 AMPOLLAS SOLUCION INYECTABLE EFG,N02AA01,30.0,3.33,3.01,1.93
721616,ENANPLUS 75MG/25MG 20 SOBRES GRANULADO SOLUCION ORAL,N02AJ14,300.0,0.07,7.1,4.55
721807,TRAMADOL KRKA 50MG 20 CAPSULAS DURAS EFG,N02AX02,300.0,3.33,2.5,1.6
721810,TRAMADOL KRKA 50MG 60 CAPSULAS DURAS EFG,N02AX02,300.0,10.0,6.21,3.98
721854,TRAMADOL/PARACETAMOL DAVUR 75MG/650MG 20 COMPRIMIDOS,N02AJ13,300.0,0.07,0.0,0.0
721927,"TRAMADOL/PARACETAMOL AUROVITAS SP 37,5MG/325MG 60 COMPRIM REC PEL EFG",N02AJ13,300.0,0.2,8.88,5.69
722332,"TRAMADOL/PARACETAMOL MYLAN PHARMACEUTICALS 37,5/325MG 60 COMP R PE EFG",N02AJ13,300.0,0.2,8.88,5.69
722777,MORFINA LANNACHER 10MG 60 COMPRIMIDOS RECUBIERTOS,N02AA01,100.0,6.0,7.7,4.93
723163,MORFINA LANNACHER 30MG 30 COMPRIMIDOS RECUBIERTOS,N02AA01,100.0,9.0,9.94,6.37
723353,MORFINA LANNACHER 30MG 60 COMPRIMIDOS RECUBIERTOS,N02AA01,100.0,18.0,18.05,11.56
723486,MORFINA LANNACHER 100MG 30 COMPRIMIDOS RECUBIERTOS,N02AA01,100.0,30.0,24.98,16.0
723544,MORFINA LANNACHER 200MG 30 COMPRIMIDOS RECUBIERTOS,N02AA01,100.0,60.0,56.64,36.28
723551,MORFINA LANNACHER 60MG 60 COMPRIMIDOS RECUBIERTOS,N02AA01,100.0,36.0,33.13,21.22
723913,"TRAMADOL/PARACETAMOL COMBIX 37,5MG/325MG 60 COMPRIMIDOS RECUB PELI EFG",N02AJ13,300.0,0.2,8.88,5.69
724322,"TRAMADOL/PARACETAMOL AUROVITAS 37,5MG/325MG 20 COMPRIMIDOS RECUB PELIC",N02AJ13,300.0,0.07,2.97,1.9
724542,TRAMADOL ANDROMACO 100MG 5 AMPOLLAS 2ML SOLUCION INYECTABLE/PERFUS EFG,N02AX02,300.0,1.67,3.26,2.09
724647,TRAMADOL KRKA 100MG 20 COMPRIMIDOS LIBERACION PROLONGADA EFG,N02AX02,300.0,6.67,4.14,2.65
724648,TRAMADOL KRKA 100MG 60 COMPRIMIDOS LIBERACION PROLONGADA EFG,N02AX02,300.0,20.0,12.41,7.95
724649,TRAMADOL KRKA 150MG 20 COMPRIMIDOS LIBERACION PROLONGADA EFG,N02AX02,300.0,10.0,6.21,3.98
724650,TRAMADOL KRKA 150MG 60 COMPRIMIDOS LIBERACION PROLONGADA EFG,N02AX02,300.0,30.0,18.62,11.93
724651,TRAMADOL KRKA 200MG 20 COMPRIMIDOS LIBERACION PROLONGADA EFG,N02AX02,300.0,13.33,8.27,5.3
724652,TRAMADOL KRKA 200MG 60 COMPRIMIDOS LIBERACION PROLONGADA EFG,N02AX02,300.0,40.0,24.82,15.9
724810,TRAMADOL KRKA 100MG/ML 10ML 1 FRASCO GOTAS ORALES SOLUCION EFG,N02AX02,300.0,3.33,3.18,2.04
724811,TRAMADOL KRKA 100MG/ML 30ML 1 FRASCO GOTAS ORALES SOLUCION EFG,N02AX02,300.0,10.0,9.54,6.11
724898,CALMOPLEX 200MG/10MG/10MG 2 COMPRIMIDOS RECUBIERTOS,N02AJ09,90.0,0.02,0.0,0.0
724899,DUOXONA 10MG/5MG 56 COMPRIMIDOS LIBERACION PROLONGADA EFG,N02AA55,75.0,7.47,25.38,16.26
724915,DUOXONA 30MG/15MG 56 COMPRIMIDOS LIBERACION PROLONGADA EFG,N02AA55,75.0,22.4,76.15,48.78
724929,"DUOXONA 5MG/2,5MG 56 COMPRIMIDOS LIBERACION PROLONGADA EFG",N02AA55,75.0,3.73,12.69,8.13
724943,DUOXONA 40MG/20MG 56 COMPRIMIDOS LIBERACION PROLONGADA EFG,N02AA55,75.0,29.87,101.53,65.04
724958,DUOXONA 20MG/10MG 56 COMPRIMIDOS LIBERACION PROLONGADA EFG,N02AA55,75.0,14.93,50.77,32.52
725084,TRAMADOL ALMUS 50MG 60 CAPSULAS DURAS EFG,N02AX02,300.0,10.0,6.21,3.98
725795,"TRAMADOL/PARACETAMOL SANDOZ 37,5MG/325MG 60 COMPRIMIDOS REC PELIC EFG",N02AJ13,300.0,0.2,8.88,5.69
725852,KAPTIC 100MCG 10 COMPRIMIDOS SUBLINGUALES EFG,N02AB03,0.6,1.67,55.08,35.28
725854,KAPTIC 100MCG 30 COMPRIMIDOS SUBLINGUALES EFG,N02AB03,0.6,5.0,157.82,105.84
725855,KAPTIC 200MCG 10 COMPRIMIDOS SUBLINGUALES EFG,N02AB03,0.6,3.33,55.08,35.28
725856,KAPTIC 200MCG 30 COMPRIMIDOS SUBLINGUALES EFG,N02AB03,0.6,10.0,157.82,105.84
725857,KAPTIC 300MCG 10 COMPRIMIDOS SUBLINGUALES EFG,N02AB03,0.6,5.0,18.55,11.88
725858,KAPTIC 300MCG 30 COMPRIMIDOS SUBLINGUALES EFG,N02AB03,0.6,15.0,55.64,35.64
725859,KAPTIC 400MCG 10 COMPRIMIDOS SUBLINGUALES EFG,N02AB03,0.6,6.67,24.73,15.84
725860,KAPTIC 400MCG 30 COMPRIMIDOS SUBLINGUALES EFG,N02AB03,0.6,20.0,74.18,47.52
725862,KAPTIC 600MCG 30 COMPRIMIDOS SUBLINGUALES EFG,N02AB03,0.6,30.0,111.27,71.28
725863,KAPTIC 800MCG 30 COMPRIMIDOS SUBLINGUALES EFG,N02AB03,0.6,40.0,146.59,95.04
725991,FENTICERTA 100MCG 30 COMPRIMIDOS SUBLINGUALES EFG,N02AB03,0.6,5.0,157.82,105.84
725992,FENTICERTA 200MCG 30 COMPRIMIDOS SUBLINGUALES EFG,N02AB03,0.6,10.0,157.82,105.84
725993,FENTICERTA 300MCG 30 COMPRIMIDOS SUBLINGUALES EFG,N02AB03,0.6,15.0,55.64,35.64
725995,FENTICERTA 400MCG 30 COMPRIMIDOS SUBLINGUALES EFG,N02AB03,0.6,20.0,74.18,47.52
725996,FENTICERTA 600MCG 30 COMPRIMIDOS SUBLINGUALES EFG,N02AB03,0.6,30.0,111.27,71.28
725997,FENTICERTA 800MCG 30 COMPRIMIDOS SUBLINGUALES EFG,N02AB03,0.6,40.0,146.59,95.04
726587,TRAMADOL/PARACETAMOL NORMON 75MG/650MG 20 COMPRIMIDOS,N02AJ13,300.0,0.07,5.92,3.79
726589,TRAMADOL/PARACETAMOL NORMON 75MG/650MG 60 COMPRIMIDOS,N02AJ13,300.0,0.2,17.75,11.37
727211,TRAMADOL/PARACETAMOL QUALIGEN 75MG/650MG 20 COMPRIMIDOS RECUB PELICULA,N02AJ13,300.0,0.07,5.92,3.79
727212,TRAMADOL/PARACETAMOL QUALIGEN 75MG/650MG 60 COMPRIMIDOS RECUB PELICULA,N02AJ13,300.0,0.2,17.75,11.37
727230,FENTANILO STADA 600MCG 28 COMPRIMIDOS BUCALES EFG,N02AB03,0.6,28.0,0.0,0.0
727488,FENTANILO ARISTO 100MCG 28 COMPRIMIDOS BUCALES EFG,N02AB03,0.6,4.67,35.23,22.57
727490,FENTANILO ARISTO 200MCG 28 COMPRIMIDOS BUCALES EFG,N02AB03,0.6,9.33,70.48,45.15
727492,FENTANILO ARISTO 400MCG 28 COMPRIMIDOS BUCALES EFG,N02AB03,0.6,18.67,140.97,90.3
727494,FENTANILO ARISTO 600MCG 28 COMPRIMIDOS BUCALES EFG,N02AB03,0.6,28.0,150.48,98.78
727495,FENTANILO ARISTO 800MCG 4 COMPRIMIDOS BUCALES EFG,N02AB03,0.6,5.33,0.0,0.0
727496,FENTANILO ARISTO 800MCG 28 COMPRIMIDOS BUCALES EFG,N02AB03,0.6,37.33,150.48,98.78
727806,DILIBAN 75MG/650MG 60 COMPRIMIDOS EFERVESCENTES,N02AJ13,300.0,0.2,17.75,11.37
728452,FENTICERTA 100MCG 10 COMPRIMIDOS SUBLINGUALES EFG,N02AB03,0.6,1.67,55.08,35.28
728453,FENTICERTA 200MCG 10 COMPRIMIDOS SUBLINGUALES EFG,N02AB03,0.6,3.33,55.08,35.28
728454,FENTICERTA 300MCG 10 COMPRIMIDOS SUBLINGUALES EFG,N02AB03,0.6,5.0,18.55,11.88
728455,FENTICERTA 400MCG 10 COMPRIMIDOS SUBLINGUALES EFG,N02AB03,0.6,6.67,24.73,15.84
728787,"TRAMADOL/PARACETAMOL AUROVITAS 37,5MG/325MG 60 COMPRIMIDOS REC PEL EFG",N02AJ13,300.0,0.2,8.88,5.69
729434,CIBALGINA COMPUESTA 10 SUPOSITORIOS,N02AJ09,90.0,0.11,2.03,1.27
729442,CIBALGINA COMPUESTA 5 SUPOSITORIOS,N02AJ09,90.0,0.06,1.45,0.91
731026,MORFINA B. BRAUN 20MG/ML 2ML 10 AMPOLLAS SOLUCION INYECTABLE,N02AA01,30.0,13.33,2.97,1.9
731036,TRAMADOL NORMON 100MG 60 CAPSULAS DURAS,N02AX02,300.0,20.0,12.41,7.95
738807,OGLOS 20MG/ML 2ML 10 AMPOLLAS INYECTABLES,N02AA01,30.0,13.33,3.11,1.99
738815,OGLOS 10MG/ML 1ML 10 AMPOLLAS INYECTABLES,N02AA01,30.0,3.33,2.72,1.74
740217,DARVON 65MG 10 CAPSULAS,N02AC04,300.0,2.17,0.0,0.0
740860,COXUMADOL 30MG/500MG 20 SOBRES GRANULADO EFERVESCENTE,N02AJ06,90.0,0.22,2.5,1.6
741181,MORFINA CLORHIDRATO 1% 10 AMPOLLAS 1ML SOLUCION INYECTABLE,N02AA01,30.0,3.33,2.89,1.85
741512,ALGIDOL 650MG/10MG/500MG 12 SOBRES GRANULADO SOLUCION ORAL,N02AJ06,90.0,0.13,2.2,1.41
741660,DEPRANCOL AS 150MG 10 CAPSULAS LIBERACION SOSTENIDA,N02AC04,200.0,7.5,2.23,1.43
746164,DISDOLEN CODEINA 1200MG/30MG 30 SOBRES MONODOSIS,N02AJ09,90.0,0.33,7.88,5.05
747097,DOLMEN 500MG/10MG/250MG 10 COMPRIMIDOS EFERVESCENTES,N02AJ07,90.0,55.56,2.08,1.33
747105,DOLMEN 500MG/10MG/250MG 20 COMPRIMIDOS EFERVESCENTES,N02AJ07,90.0,111.11,3.06,1.96
747246,DOLODENS 100MG/15MG/10MG 2 COMPRIMIDOS RECUBIERTOS,N02AA79,0.0,,0.0,0.0
747253,DOLODENS 100MG/15MG/10MG 4 COMPRIMIDOS RECUBIERTOS,N02AA79,0.0,,0.0,0.0
747295,TERMALDINA CODEINA 300MG/15MG 16 CAPSULAS,N02AJ06,90.0,0.18,0.0,0.0
747329,DOLVIRAN 400MG/10MG/50MG 10 SUPOSITORIOS ADULTOS,N02AJ07,90.0,44.44,1.55,0.99
747360,DOLVIRAN 400MG/10MG/50MG 20 COMPRIMIDOS,N02AJ07,90.0,88.89,1.61,1.03
755033,TRAMADOL APOTEX 50MG 20 CAPSULAS DURAS EFG,N02AX02,300.0,3.33,2.5,1.6
755041,TRAMADOL APOTEX 50MG 60 CAPSULAS DURAS EFG,N02AX02,300.0,10.0,6.21,3.98
757898,FIORINAL CODEINA 10 CAPSULAS,N02AJ09,90.0,0.11,1.61,1.03
760587,MORFINA CLORHIDRATO 1% 1 AMPOLLA 1ML SOLUCION INYECTABLE,N02AA01,30.0,0.33,0.58,0.37
760603,MORFINA CLORHIDRATO 2% 1 AMPOLLA 1ML SOLUCION INYECTABLE,N02AA01,30.0,0.67,0.66,0.42
761536,DOLODOL 150MG 20 CAPSULAS LIBERACION PROLONGADA,N02AX02,300.0,10.0,6.21,3.98
761700,DOLODOL 150MG 60 CAPSULAS LIBERACION PROLONGADA,N02AX02,300.0,30.0,18.62,11.93
761718,DOLODOL 200MG 20 CAPSULAS LIBERACION PROLONGADA,N02AX02,300.0,13.33,8.27,5.3
761783,DOLODOL 200MG 60 CAPSULAS LIBERACION PROLONGADA,N02AX02,300.0,40.0,24.82,15.9
761791,DOLODOL 100MG 20 CAPSULAS LIBERACION PROLONGADA,N02AX02,300.0,6.67,4.14,2.65
761809,DOLODOL 100MG 60 CAPSULAS LIBERACION PROLONGADA,N02AX02,300.0,20.0,12.41,7.95
768259,TRAMADOL NORMON 50MG 20 CAPSULAS EFG,N02AX02,300.0,3.33,2.5,1.6
770370,ALGIDOL 650MG/10MG/500MG 20 SOBRES GRANULADO SOLUCION ORAL,N02AJ06,90.0,0.22,3.18,2.04
771345,TRAMADOL NORMON 50MG 60 CAPSULAS EFG,N02AX02,300.0,10.0,6.21,3.98
775445,TRAMADOL FARMASIERRA 50MG 20 CAPSULAS EFG,N02AX02,300.0,3.33,3.12,2.0
775494,TRAMADOL FARMASIERRA 50MG 60 CAPSULAS EFG,N02AX02,300.0,10.0,10.26,6.57
782672,TRAMADOL TARBIS 100MG 20 COMPRIMIDOS LIBERACION PROLONGADA EFG,N02AX02,300.0,6.67,4.14,2.65
783282,TRAMADOL TARBIS 100MG 60 COMPRIMIDOS LIBERACION PROLONGADA EFG,N02AX02,300.0,20.0,12.41,7.95
783365,TRAMADOL TARBIS 150MG 20 COMPRIMIDOS LIBERACION PROLONGADA EFG,N02AX02,300.0,10.0,6.21,3.98
783639,TRAMADOL TARBIS 150MG 60 COMPRIMIDOS LIBERACION PROLONGADA EFG,N02AX02,300.0,30.0,18.62,11.93
783712,TRAMADOL RASLAFAR 50MG 20 CAPSULAS EFG,N02AX02,300.0,3.33,3.12,2.0
783720,TRAMADOL RASLAFAR 50MG 60 CAPSULAS EFG,N02AX02,300.0,10.0,6.23,3.99
787911,SEVREDOL 20MG 12 COMPRIMIDOS RECUBIERTOS,N02AA01,100.0,2.4,3.67,2.35
787945,SEVREDOL 10MG 12 COMPRIMIDOS RECUBIERTOS,N02AA01,100.0,1.2,2.5,1.6
788497,PENTAZOCINA FIDES 30MG 10 AMPOLLAS 1ML INYECTABLE,N02AD01,200.0,1.5,3.12,2.0
793273,TRAMADOL ARISTO 100MG 20 COMPRIMIDOS LIBERACION PROLONGADA EFG,N02AX02,300.0,6.67,4.14,2.65
793281,TRAMADOL ARISTO 100MG 60 COMPRIMIDOS LIBERACION PROLONGADA EFG,N02AX02,300.0,20.0,12.41,7.95
793299,TRAMADOL ARISTO 150MG 20 COMPRIMIDOS LIBERACION PROLONGADA EFG,N02AX02,300.0,10.0,6.21,3.98
793398,TRAMADOL ARISTO 150MG 60 COMPRIMIDOS LIBERACION PROLONGADA EFG,N02AX02,300.0,30.0,18.62,11.93
793661,TRAMADOL ARISTO 200MG 20 COMPRIMIDOS LIBERACION PROLONGADA EFG,N02AX02,300.0,13.33,8.27,5.3
795062,DOLANTINA 50MG/ML 2ML 10 AMPOLLAS SOLUCION INYECTABLE,N02AB02,400.0,2.5,8.24,5.28
795351,DOLANTINA 50MG/ML 2ML 1 AMPOLLA SOLUCION INYECTABLE,N02AB02,400.0,0.25,1.56,1.0
797092,ADOLONTA RETARD 100MG 60 COMPRIMIDOS LIBERACION PROLONGADA,N02AX02,300.0,20.0,12.41,7.95
798173,ADOLONTA RETARD 200MG 60 COMPRIMIDOS LIBERACION PROLONGADA,N02AX02,300.0,40.0,24.82,15.9
800094,MORFINA LANNACHER 100MG 60 COMPRIMIDOS RECUBIERTOS,N02AA01,100.0,60.0,45.72,29.29
804898,TRAMADOL NORMON 100MG 5 AMPOLLAS 2ML SOLUCION INYECTABLE EFG,N02AX02,300.0,1.67,3.26,2.09
806455,TRAMADOL KERN 50MG 20 CAPSULAS EFG,N02AX02,300.0,3.33,3.42,2.19
806729,TRAMADOL KERN 50MG 60 CAPSULAS EFG,N02AX02,300.0,10.0,10.26,6.57
815969,ORAMORPH 20MG/ML 30 ENVASES UNIDOSIS 5ML SOLUCION ORAL,N02AA01,100.0,30.0,23.04,14.76
603029,"ZALDIAR 37,5MG/325MG 100 COMPRIMIDOS RECUBIERTOS PELICULA",N02AJ13,300.0,0.33,11.97,9.84
603099,TRAMADOL RETARD GRNENTHAL 50MG 150 COMPRIMIDOS LIBERAC PROLONGADA EFG,N02AX02,300.0,25.0,11.06,9.09
603101,TRAMADOL RETARD GRUNENTHAL 100MG 150 COMPRIMIDOS LIBERAC PROLONGAD EFG,N02AX02,300.0,50.0,21.85,17.96
603102,TRAMADOL RETARD GRNENTHAL 150MG 150 COMPRIMIDOS LIBERAC PROLONGAD EFG,N02AX02,300.0,75.0,32.77,26.94
603103,TRAMADOL RETARD GRNENTHAL 200MG 150 COMPRIMIDOS LIBERAC PROLONGAD EFG,N02AX02,300.0,100.0,43.68,35.91
603217,ANALGIPLUS 500MG/30MG 500 COMPRIMIDOS RECUBIERTOS PELICULA,N02AJ06,90.0,5.56,47.94,39.41
603550,PARACETAMOL/CODEINA KERN PHARMA 500MG/30MG 500 COMPRIMIDOS EFG,N02AJ06,90.0,5.56,37.87,31.13
603567,PARACETAMOL/CODEINA PHARMAKERN 500MG/30MG 500 COMPRIMIDOS EFG,N02AJ06,90.0,5.56,37.87,31.13
603636,PALEXIA RETARD 250MG 100 X 1 ENVASE UNIDOSIS COMPRIM LIBERAC PROLONGAD,N02AX06,400.0,62.5,213.01,175.12
603637,PALEXIA RETARD 200MG 100 X 1 BLISTER UNIDOSIS COMPRIM LIBERAC PROLONG,N02AX06,400.0,50.0,185.23,152.28
603638,PALEXIA RETARD 150MG 100 X 1 BLISTER UNIDOSIS COMPRIM LIBERAC PROLONG,N02AX06,400.0,37.5,154.36,126.9
603640,PALEXIA RETARD 100MG 100 COMPRIMIDOS LIBERACION PROLONGADA,N02AX06,400.0,25.0,102.91,84.6
603641,PALEXIA RETARD 50MG 100 X 1 COMPRIMIDOS LIBERACION PROLONGADA,N02AX06,400.0,12.5,51.45,42.3
604479,NEOBRUFEN CON CODEINA 400MG/30MG 500 COMPRIMIDOS RECUBIERTOS PELICULA,N02AJ08,90.0,5.56,82.11,67.5
605246,MORFINA LANNACHER 10MG 100 COMPRIMIDOS RECUBIERTOS,N02AA01,100.0,10.0,13.33,10.96
605253,MORFINA LANNACHER 30MG 100 COMPRIMIDOS RECUBIERTOS,N02AA01,100.0,30.0,32.67,26.86
605261,MORFINA LANNACHER 100MG 100 COMPRIMIDOS RECUBIERTOS,N02AA01,100.0,100.0,88.16,72.48
605279,MORFINA LANNACHER 200MG 100 COMPRIMIDOS RECUBIERTOS,N02AA01,100.0,200.0,140.98,115.9
605287,MORFINA LANNACHER 60MG 100 COMPRIMIDOS RECUBIERTOS,N02AA01,100.0,60.0,58.74,48.29
605469,TRAMADOL STADA 100MG/ML 30ML 20 FRASCOS GOTAS ORALES SOLUCION,N02AX02,300.0,200.0,91.03,74.84
605510,"TRAMADOL/PARACETAMOL NORMON 37,5/325MG 500 COMPRIMID RECUB PELICUL EFG",N02AJ13,300.0,1.67,59.82,49.18
605518,"TRAMADOL/PARACETAMOL KERN PHARMA 37,5MG/325MG 100 COMPRIM REC PELI EFG",N02AJ13,300.0,0.33,11.97,9.84
605572,"TRAMADOL/PARACETAMOL CINFA 37,5MG/325MG 100 COMPRIMIDOS RECUB PELI EFG",N02AJ13,300.0,0.33,11.97,9.84
605573,"TRAMADOL/PARACETAMOL GOIBELA 37,5/325MG 100 COMPRIMIDOS RECUB PELI EFG",N02AJ13,300.0,0.33,11.97,9.84
605582,ASTEFOR 400MG/30MG 500 COMPRIMIDOS RECUBIERTOS PELICULA,N02AJ08,90.0,5.56,55.56,45.68
605767,"CAPDOL 37,5MG/325MG 100 COMPRIMIDOS (TIRAS) EFG",N02AJ13,300.0,0.33,11.97,9.84
605768,"CAPDOL 37,5MG/325MG 100 COMPRIMIDOS (BLISTER) EFG",N02AJ13,300.0,0.33,11.97,9.84
605771,"TRAMADOL/PARACETAMOL APOTEX AG 37,5MG/325MG 100 COMPRIMIDOS TIRAS EFG",N02AJ13,300.0,0.33,11.97,9.84
605772,"TRAMADOL/PARACETAMOL APOTEX AG 37,5MG/325MG 100 COMPRIMIDOS BLIST EFG",N02AJ13,300.0,0.33,11.97,9.84
605776,DILIBAN 75MG/650MG 100 COMPRIMIDOS FRASCO,N02AJ13,300.0,0.33,23.38,19.22
605777,DILIBAN 75MG/650MG 100 COMPRIMIDOS BLISTER,N02AJ13,300.0,0.33,23.38,19.22
605810,"TRAMADOL/PARACETAMOL ABAMED 37,5MG/325MG 100 COMPRIMIDOS (AL/PE) EFG",N02AJ13,300.0,0.33,11.97,9.84
605811,"TRAMADOL/PARACETAMOL ABAMED 37,5MG/325MG 100 COMPRIMIDOS (AL/PVC) EFG",N02AJ13,300.0,0.33,11.97,9.84
605813,"TRAMADOL/PARACETAMOL MUNDOGEN 37,5MG/325MG 100 COMPRIM (AL/PVC/PVD EFG",N02AJ13,300.0,0.33,11.97,9.84
605814,"TRAMADOL/PARACETAMOL MUNDOGEN 37,5MG/325MG 100 COMPRIMIDOS (AL/PE) EFG",N02AJ13,300.0,0.33,11.97,9.84
605864,PALEXIA RETARD 25MG 100 COMPRIMIDOS LIBERACION PROLONGADA,N02AX06,400.0,6.25,25.73,21.15
606051,DOLOCATIL CODEINA 500MG/15MG 500 COMPRIMIDOS TIRAS,N02AJ06,90.0,5.56,30.65,25.2
606058,"TRAMADOL/PARACETAMOL FARMALIDER 37,5MG/325MG 100 COMP RECUB PELIC EFG",N02AJ13,300.0,0.33,11.97,9.84
606092,"TRAMADOL/PARACETAMOL FARMA TARBIS 37,5MG/325MG 100 COMPRIM (TIRAS) EFG",N02AJ13,300.0,0.33,11.97,9.84
606093,"TRAMADOL/PARACETAMOL FARMA TARBIS 37,5MG/325MG 100 COMPRIM (BLIST) EFG",N02AJ13,300.0,0.33,11.97,9.84
606094,"TRACIMOL 37,5MG/325MG 100 COMPRIMIDOS (BLISTER AL/PVC/PVDC) EFG",N02AJ13,300.0,0.33,11.97,9.84
606095,"TRACIMOL 37,5MG/325MG 100 COMPRIMIDOS (TIRAS ALU/POLIET) EFG",N02AJ13,300.0,0.33,11.97,9.84
606102,"TRAMADOL/PARACETAMOL APOTEX 37,5MG/325MG 100 COMPRIMID RECUB PELIC EFG",N02AJ13,300.0,0.33,11.97,9.84
606229,PARACETAMOL/CODEINA FARMALIDER 500MG/30MG 500 COMPRIMIDOS EFG,N02AJ06,90.0,5.56,37.87,31.13
606400,CEPARIDIN 50MG 500 CAPSULAS EFG,N02AX02,300.0,83.33,41.54,34.15
606669,TRAMADOL AUROBINDO 50MG 500 CAPSULAS DURAS EFG,N02AX02,300.0,83.33,35.21,28.95
606739,ENANPLUS 75MG/25MG 100 COMPRIMIDOS RECUBIERTOS PELICULA (PA/AL/PVC/AL),N02AJ14,300.0,0.33,24.91,20.48
606740,ENANPLUS 75MG/25MG 100 COMPRIMIDOS RECUBIERTOS PELICULA (PVC/PE/PVDC/A,N02AJ14,300.0,0.33,24.91,20.48
606741,ENANPLUS 75MG/25MG 100 COMPRIMIDOS RECUBIERTOS PELICULA (PVC-PVDC/AL),N02AJ14,300.0,0.33,24.91,20.48
606856,"PAXIFLAS 37,5MG/325MG 100 COMPRIMIDOS BUCODISPERSABLES EFG",N02AJ13,300.0,0.33,10.8,8.88
606900,TRAMADOL AUROVITAS 50MG/ML 2ML 100 AMPOLLAS SOLUCION INYECT/PERFUS EFG,N02AX02,300.0,33.33,42.39,34.85
607123,TRAMADOL ANDROMACO 50MG 500 CAPSULAS DURAS EFG,N02AX02,300.0,83.33,41.54,34.15
607124,TRAMADOL ANDROMACO 100MG 100 AMPOLLAS 2ML SOLUCION INYEC/PERFUSION EFG,N02AX02,300.0,33.33,42.39,34.85
845347,VEGANIN 10 TABLETAS,N02AJ09,90.0,0.11,1.26,0.79
608117,"BUPREX 0,3MG 50 AMPOLLAS 1ML INYECTABLE",N02AE01,1.2,12.5,27.73,22.8
789628,MORFINA CLORHIDRATO 1% 1 AMPOLLA 1ML SOLUCION INYECTABLE,N02AA01,30.0,0.33,0.34,0.21
789636,MORFINA CLORHIDRATO 2% 1 AMPOLLA 1ML SOLUCION INYECTABLE,N02AA01,30.0,0.67,0.37,0.23
665315,TRALGIOL 100MG/ML 30ML SOLUCION ORAL EFG,N02AX02,300.0,10.0,13.64,8.74
609545,TRAMADOL MAXMIND 50MG 500 CAPSULAS EFG,N02AX02,300.0,83.33,41.54,34.15
845354,VEGANIN 20 TABLETAS,N02AJ09,90.0,0.22,1.6,1.0
611905,ADOLONTA 100MG/ML 30ML 20 FRASCOS SOLUCION ORAL,N02AX02,300.0,200.0,271.6,223.29
616110,TRAMADOL FARMASIERRA 50MG 100 CAPSULAS EFG,N02AX02,300.0,16.67,8.39,6.9
620682,TRAMADOL TARBIS 100MG 500 COMPRIMIDOS LIBERACION PROLONGADA EFG,N02AX02,300.0,166.67,83.08,68.3
620781,TRAMADOL NORMON 50MG 500 CAPSULAS EFG,N02AX02,300.0,83.33,41.54,34.15
620856,TRAMADOL TARBIS 150MG 500 COMPRIMIDOS LIBERACION PROLONGADA EFG,N02AX02,300.0,250.0,124.44,102.3
621789,PENTAZOCINA FIDES 30MG 50 AMPOLLAS 1ML INYECTABLE,N02AD01,200.0,7.5,12.64,10.39
623769,TRAMADOL ARISTO 100MG 500 COMPRIMIDOS LIBERACION PROLONGADA EFG,N02AX02,300.0,166.67,83.08,68.3
623777,TRAMADOL ARISTO 150MG 500 COMPRIMIDOS LIBERACION PROLONGADA EFG,N02AX02,300.0,250.0,124.44,102.3
623793,TRAMADOL ARISTO 200MG 500 COMPRIMIDOS LIBERACION PROLONGADA EFG,N02AX02,300.0,333.33,161.17,132.5
625541,TRAMADOL TARBIS 200MG 500 COMPRIMIDOS LIBERACION PROLONGADA EFG,N02AX02,300.0,333.33,161.17,132.5
664490,TRAMADOL ASTA MEDICA 50MG 60 CAPSULAS EFG,N02AX02,300.0,10.0,6.21,3.98
664508,TRAMADOL ASTA MEDICA 50MG 20 CAPSULAS EFG,N02AX02,300.0,3.33,2.5,1.6
664509,FENTANILO MATRIX ZENTIVA 12MCG/HORA 5 PARCHES TRANSDERMICOS EFG,N02AB03,1.2,3.6,7.02,4.5
664616,FENTANILO MATRIX CINFA 25MCG/HORA 5 PARCHES TRANSDERMICOS EFG,N02AB03,1.2,7.5,14.63,9.37
664617,FENTANILO MATRIX CINFA 50MCG/HORA 5 PARCHES TRANSDERMICOS EFG,N02AB03,1.2,15.0,29.25,18.74
664618,FENTANILO MATRIX CINFA 75MCG/HORA 5 PARCHES TRANSDERMICOS EFG,N02AB03,1.2,22.5,43.88,28.11
664619,FENTANILO MATRIX CINFA 100MCG/HORA 5 PARCHES TRANSDERMICOS EFG,N02AB03,1.2,30.0,58.51,37.48
664823,FENTANILO MATRIX KERN PHARMA 25MCG/HORA 5 PARCHES TRANSDERMICOS EFG,N02AB03,1.2,7.5,14.63,9.37
664824,FENTANILO MATRIX KERN PHARMA 50MCG/HORA 5 PARCHES TRANSDERMICOS EFG,N02AB03,1.2,15.0,29.25,18.74
664825,FENTANILO MATRIX KERN PHARMA 75MCG/HORA 5 PARCHES TRANSDERMICOS EFG,N02AB03,1.2,22.5,43.88,28.11
664826,FENTANILO MATRIX KERN PHARMA 100MCG/HORA 5 PARCHES TRANSDERMICOS EFG,N02AB03,1.2,30.0,58.51,37.48
665364,ADOLONTA 100MG/ML 30ML 1 FRASCO SOLUCION ORAL,N02AX02,300.0,10.0,9.54,6.11
665478,TRAMADOL VIR 100MG/ML 10ML GOTAS ORALES SOLUCION EFG,N02AX02,300.0,3.33,3.18,2.04
665567,TRAMADOL VIR 100MG/ML 30ML 1 FRASCO GOTAS ORALES SOLUCION EFG,N02AX02,300.0,10.0,9.54,6.11
665588,ADOLONTA RETARD 200MG 20 COMPRIMIDOS LIBERACION PROLONGADA,N02AX02,300.0,13.33,8.27,5.3
665596,ADOLONTA RETARD 150MG 20 COMPRIMIDOS LIBERACION PROLONGADA,N02AX02,300.0,10.0,6.21,3.98
665604,ADOLONTA RETARD 100MG 20 COMPRIMIDOS LIBERACION PROLONGADA,N02AX02,300.0,6.67,4.14,2.65
665891,"PECFENT 100MCG/PULV 8 DOSIS 1 FRASCO 1,55ML SOLUCION PULVERIZAC NASAL",N02AB03,0.6,1.33,67.31,43.12
665892,"PECFENT 100MCG/PULV 8 DOSIS 4 FRASCOS 1,55ML SOLUCION PULVERIZAC NASAL",N02AB03,0.6,5.33,227.13,172.48
665894,"PECFENT 400MCG/PULV 8 DOSIS 1 FRASCO 1,55ML SOLUCION PULVERIZAC NASAL",N02AB03,0.6,5.33,67.31,43.12
665895,"PECFENT 400MCG/PULV 8 DOSIS 4 FRASCOS 1,55ML SOLUCION PULVERIZAC NASAL",N02AB03,0.6,21.33,227.13,172.48
666255,DOLOCATIL CODEINA 500MG/15MG 30 COMPRIMIDOS,N02AJ06,90.0,0.33,2.5,1.6
666479,DOLOCATIL CODEINA 325MG/15MG 20 COMPRIMIDOS,N02AJ06,90.0,0.22,1.98,1.27
667576,TRALGIOL 100MG/ML 10ML SOLUCION ORAL EFG,N02AX02,300.0,3.33,5.28,3.38
667918,OXICODONA SANDOZ 10MG 28 COMPRIMIDOS LIBERACION PROLONGADA EFG,N02AA05,75.0,3.73,7.62,4.88
667934,OXICODONA SANDOZ 20MG 28 COMPRIMIDOS LIBERACION PROLONGADA EFG,N02AA05,75.0,7.47,15.22,9.75
667951,TARGIN 10MG/5MG 56 COMPRIMIDOS LIBERACION PROLONGADA,N02AA55,75.0,7.47,25.38,16.26
667963,TARGIN 20MG/10MG 56 COMPRIMIDOS LIBERACION PROLONGADA,N02AA55,75.0,14.93,105.78,67.76
667969,TARGIN 40MG/20MG 56 COMPRIMIDOS LIBERACION PROLONGADA,N02AA55,75.0,29.87,101.53,65.04
667988,"TARGIN 5MG/2,5MG 56 COMPRIMIDOS LIBERACION PROLONGADA",N02AA55,75.0,3.73,12.69,8.13
668186,FLUDETEN 30MG/500MG 20 COMPRIMIDOS EFERVESCENTES,N02AJ06,90.0,0.22,3.12,2.0
669127,MST CONTINUS 30MG/SOBRE 30 SOBRES GRANULADO SUSPENSION ORAL,N02AA01,100.0,9.0,14.52,9.3
669549,COD-EFFERALGAN 500MG/30MG 20 COMPRIMIDOS EFERVESCENTES,N02AJ06,90.0,0.22,2.5,1.6
669879,ADOLONTA 100MG/ML 10ML SOLUCION ORAL,N02AX02,300.0,3.33,5.28,3.38
670174,ANALGILASA 500MG/30MG/10MG 20 COMPRIMIDOS RECUBIERTOS PELICULA,N02AJ06,90.0,0.22,0.0,0.0
670343,FENTANILO MATRIX STADA 12MCG/HORA 5 PARCHES TRANSDERMICOS EFG,N02AB03,1.2,3.6,7.02,4.5
670352,FENTANILO MATRIX STADA 25MCG/HORA 5 PARCHES TRANSDERMICOS EFG,N02AB03,1.2,7.5,14.63,9.37
670362,FENTANILO MATRIX STADA 50MCG/HORA 5 PARCHES TRANSDERMICOS EFG,N02AB03,1.2,15.0,29.25,18.74
670371,FENTANILO MATRIX STADA 75MCG/HORA 5 PARCHES TRANSDERMICOS EFG,N02AB03,1.2,22.5,43.88,28.11
670381,FENTANILO MATRIX STADA 100MCG/HORA 5 PARCHES TRANSDERMICOS EFG,N02AB03,1.2,30.0,58.51,37.48
670874,TRAMADOL RETARD AUROVITAS SPAIN 200MG 20 COMPRIMIDOS LIBER PROLONG EFG,N02AX02,300.0,13.33,8.27,5.3
670878,TRAMADOL RETARD AUROVITAS SPAIN 200MG 60 COMPRIMIDOS LIBER PROLONG EFG,N02AX02,300.0,40.0,24.82,15.9
671203,TRAMADOL RETARD AUROVITAS SPAIN 150MG 20 COMPRIMIDOS LIBER PROLONG EFG,N02AX02,300.0,10.0,6.21,3.98
671207,TRAMADOL RETARD AUROVITAS SPAIN 150MG 60 COMPRIMIDOS LIBER PROLONG EFG,N02AX02,300.0,30.0,18.62,11.93
671463,"TRAMADOL/PARACETAMOL TEVA 37,5/325MG 20 COMPRIMIDOS RECUB PELIC EFG",N02AJ13,300.0,0.07,2.97,1.9
672574,FENTANILO MATRIX NORMON 75MCG/HORA 5 PARCHES TRANSDERMICOS EFG,N02AB03,1.2,22.5,43.88,28.11
672575,FENTANILO MATRIX NORMON 25MCG/HORA 5 PARCHES TRANSDERMICOS EFG,N02AB03,1.2,7.5,14.63,9.37
672577,FENTANILO MATRIX NORMON 50MCG/HORA 5 PARCHES TRANSDERMICOS EFG,N02AB03,1.2,15.0,29.25,18.74
672578,FENTANILO MATRIX NORMON 100MCG/HORA 5 PARCHES TRANSDERMICOS EFG,N02AB03,1.2,30.0,58.51,37.48
672658,PARACETAMOL/CODEINA KERN PHARMA 500MG/30MG 20 COMPRIMIDOS EFG,N02AJ06,90.0,0.22,2.34,1.5
672663,HIDROCLORURO DE PETIDINA ALTAN 50MG/ML 1ML 1 AMPOLLA SOLUCION INYECTAB,N02AB02,400.0,0.12,0.0,0.0
672664,HIDROCLORURO DE PETIDINA ALTAN 50MG/ML 2ML 1 AMPOLLA SOLUCION INYECTAB,N02AB02,400.0,0.25,0.0,0.0
820423,TRAMADOL STADA 50MG 20 CAPSULAS EFG,N02AX02,300.0,3.33,2.5,1.6
820795,SOFRODOL 100MG 30ML GOTAS ORALES EN SOLUCION,N02AX02,300.0,10.0,15.81,10.13
820829,SOFRODOL 100MG 10ML GOTAS ORALES SOLUCION,N02AX02,300.0,3.33,5.28,3.38
820860,ORAMORPH 20MG/ML 20ML 1 FRASCO SOLUCION ORAL,N02AA01,100.0,4.0,7.17,4.59
821165,ORAMORPH 20MG/ML 100ML SOLUCION ORAL FRASCO,N02AA01,100.0,20.0,35.84,22.96
821199,ORAMORPH 2MG/ML 30 ENVASES UNIDOSIS 5ML SOLUCION ORAL,N02AA01,100.0,3.0,5.37,3.44
672863,PARACETAMOL/CODEINA PHARMAKERN 500MG/30MG 20 COMPRIMIDOS EFG,N02AJ06,90.0,0.22,2.34,1.5
673080,FENTANILO MATRIX RATIOPHARM 25MCG/HORA 5 PARCHES TRANSDERMICOS EFG,N02AB03,1.2,7.5,14.63,9.37
673081,FENTANILO MATRIX RATIOPHARM 50MCG/HORA 5 PARCHES TRANSDERMICOS EFG,N02AB03,1.2,15.0,29.25,18.74
673082,FENTANILO MATRIX RATIOPHARM 75MCG/HORA 5 PARCHES TRANSDERMICOS EFG,N02AB03,1.2,22.5,43.88,28.11
673083,FENTANILO MATRIX RATIOPHARM 100MCG/HORA 5 PARCHES TRANSDERMICOS EFG,N02AB03,1.2,30.0,58.51,37.48
805135,PENTAZOCINA FIDES 30MG 10 AMPOLLAS 1ML INYECTABLE,N02AD01,200.0,1.5,2.87,1.8
673325,YANTIL RETARD 50MG 60 COMPRIMIDOS LIBERACION PROLONGADA,N02AX06,400.0,7.5,44.02,28.2
673352,CANUR 35MCG/HORA 5 PARCHES TRANSDERMICOS,N02AE01,1.2,10.5,26.94,17.26
673356,"CANUR 52,5MCG/HORA 5 PARCHES TRANSDERMICOS",N02AE01,1.2,15.75,40.42,25.89
673360,CANUR 70MCG/HORA 5 PARCHES TRANSDERMICOS,N02AE01,1.2,21.0,53.87,34.51
673421,YANTIL RETARD 150MG 60 COMPRIMIDOS LIBERACION PROLONGADA,N02AX06,400.0,22.5,132.07,84.6
673422,YANTIL RETARD 250MG 60 COMPRIMIDOS LIBERACION PROLONGADA,N02AX06,400.0,37.5,169.17,116.75
673602,YANTIL RETARD 200MG 60 COMPRIMIDOS LIBERACION PROLONGADA,N02AX06,400.0,30.0,153.33,101.52
673604,YANTIL RETARD 100MG 60 COMPRIMIDOS LIBERACION PROLONGADA,N02AX06,400.0,15.0,88.05,56.4
676124,DURFENTA 25MCG/HORA 5 PARCHES TRANSDERMICOS EFG,N02AB03,1.2,7.5,14.63,9.37
676129,DURFENTA 50MCG/HORA 5 PARCHES TRANSDERMICOS EFG,N02AB03,1.2,15.0,29.25,18.74
676135,DURFENTA 75MCG/HORA 5 PARCHES TRANSDERMICOS EFG,N02AB03,1.2,22.5,43.88,28.11
676140,DURFENTA 100MCG/HORA 5 PARCHES TRANSDERMICOS EFG,N02AB03,1.2,30.0,58.51,37.48
677292,PALEXIA RETARD 250MG 60 COMPRIMIDOS LIBERACION PROLONGADA,N02AX06,400.0,37.5,169.17,116.75
677293,PALEXIA RETARD 200MG 60 COMPRIMIDOS LIBERACION PROLONGADA,N02AX06,400.0,30.0,153.33,101.52
677295,PALEXIA RETARD 150MG 60 COMPRIMIDOS LIBERACION PROLONGADA,N02AX06,400.0,22.5,132.07,84.6
677296,PALEXIA RETARD 100MG 60 COMPRIMIDOS LIBERACION PROLONGADA,N02AX06,400.0,15.0,88.05,56.4
677297,PALEXIA RETARD 50MG 60 COMPRIMIDOS LIBERACION PROLONGADA,N02AX06,400.0,7.5,44.02,28.2
679548,MST 15 CONTINUS 15MG 60 COMPRIMIDOS LIBERACION CONTROLADA,N02AA01,100.0,9.0,14.22,9.11
679555,MST 5 CONTINUS 5MG 60 COMPRIMIDOS LIBERACION CONTROLADA,N02AA01,100.0,3.0,5.37,3.44
679588,"BUPREX 0,3MG 5 AMPOLLAS SOLUCION INYECTABLE",N02AE01,1.2,1.25,3.84,2.46
679639,"PARACETAMOL/CODEINA LEVEL 24MG/2,4MG/ML 240ML 1 FRASCO SOLUCION ORAL",N02AJ06,90.0,2.67,2.5,1.6
679647,TALGO CODEINA 300MG/30MG 20 COMPRIMIDOS,N02AJ06,90.0,0.22,2.5,1.6
679736,DOLOXITAL 12MCG/HORA 5 PARCHES TRANSDERMICOS EFG,N02AB03,1.2,3.6,7.02,4.5
679740,DOLOXITAL 25MCG/HORA 5 PARCHES TRANSDERMICOS EFG,N02AB03,1.2,7.5,14.63,9.37
679743,DOLOXITAL 100MCG/HORA 5 PARCHES TRANSDERMICOS EFG,N02AB03,1.2,30.0,58.51,37.48
679747,DOLOXITAL 50MCG/HORA 5 PARCHES TRANSDERMICOS EFG,N02AB03,1.2,15.0,29.25,18.74
679750,DOLOXITAL 75MCG/HORA 5 PARCHES TRANSDERMICOS EFG,N02AB03,1.2,22.5,43.88,28.11
680698,"TRAMADOL/PARACETAMOL SANDOZ 37,5/325MG 20 COMPRIMIDOS RECUB PELIC EFG",N02AJ13,300.0,0.07,2.97,1.9
680804,FENTANILO MATRIX ARISTO 12MCG/HORA 5 PARCHES TRANSDERMICOS EFG,N02AB03,1.2,3.6,7.02,4.5
680807,FENTANILO MATRIX ARISTO 25MCG/HORA 5 PARCHES TRANSDERMICOS EFG,N02AB03,1.2,7.5,14.63,9.37
680810,FENTANILO MATRIX ARISTO 50MCG/HORA 5 PARCHES TRANSDERMICOS EFG,N02AB03,1.2,15.0,29.25,18.74
680813,FENTANILO MATRIX ARISTO 75MCG/HORA 5 PARCHES TRANSDERMICOS EFG,N02AB03,1.2,22.5,43.88,28.11
680816,FENTANILO MATRIX ARISTO 100MCG/HORA 5 PARCHES TRANSDERMICOS EFG,N02AB03,1.2,30.0,58.51,37.48
680894,BREAKYL 400MCG 10 PELICULAS BUCALES,N02AB03,0.6,6.67,82.39,52.78
680895,BREAKYL 400MCG 28 PELICULAS BUCALES,N02AB03,0.6,18.67,201.43,147.77
680898,BREAKYL 600MCG 10 PELICULAS BUCALES,N02AB03,0.6,10.0,82.39,52.78
680899,BREAKYL 600MCG 28 PELICULAS BUCALES,N02AB03,0.6,28.0,201.43,147.77
680903,BREAKYL 800MCG 10 PELICULAS BUCALES,N02AB03,0.6,13.33,82.39,52.78
680904,BREAKYL 800MCG 28 PELICULAS BUCALES,N02AB03,0.6,37.33,201.43,147.77
680907,BREAKYL 1200MCG 10 PELICULAS BUCALES,N02AB03,0.6,20.0,82.39,52.78
680908,BREAKYL 1200MCG 28 PELICULAS BUCALES,N02AB03,0.6,56.0,201.43,147.77
680911,"BREAKYL INICIO 200, 400, 600, 800MCG 4 PELICULAS BUCALES",N02AB03,0.6,3.33,32.95,21.11
681182,TRAMADOL RETARD AUROVITAS SP 100MG 20 COMPRIMIDOS LIBER PROLONGADA EFG,N02AX02,300.0,6.67,4.14,2.65
681280,TRAMADOL RETARD COMBIX 100MG 20 COMPRIMIDOS LIBERACION PROLONGADA EFG,N02AX02,300.0,6.67,4.14,2.65
681281,TRAMADOL RETARD COMBIX 100MG 60 COMPRIMIDOS LIBERACION PROLONGADA EFG,N02AX02,300.0,20.0,12.41,7.95
681284,TRAMADOL RETARD COMBIX 150MG 20 COMPRIMIDOS LIBERACION PROLONGADA EFG,N02AX02,300.0,10.0,6.21,3.98
681285,TRAMADOL RETARD COMBIX 150MG 60 COMPRIMIDOS LIBERACION PROLONGADA EFG,N02AX02,300.0,30.0,18.62,11.93
681286,TRAMADOL RETARD COMBIX 200MG 20 COMPRIMIDOS LIBERACION PROLONGADA EFG,N02AX02,300.0,13.33,8.27,5.3
681287,TRAMADOL RETARD COMBIX 200MG 60 COMPRIMIDOS LIBERACION PROLONGADA EFG,N02AX02,300.0,40.0,24.82,15.9
681552,"TRAMADOL/PARACETAMOL VEGAL 37,5/325MG 20 COMPRIMIDOS RECUB PELIC EFG",N02AJ13,300.0,0.07,3.34,2.14
681769,"TRAMADOL/PARACETAMOL NORMON 37,5/325MG 20 COMPRIMIDOS RECUB PELIC EFG",N02AJ13,300.0,0.07,2.97,1.9
681770,"TRAMADOL/PARACETAMOL NORMON 37,5MG/325MG 60 COMPRIMIDOS RECUB PELI EFG",N02AJ13,300.0,0.2,8.88,5.69
681990,"TRAMADOL/PARACETAMOL KERN PHARMA 37,5/325MG 20 COMPRIM RECUB PELIC EFG",N02AJ13,300.0,0.07,2.97,1.9
681991,"TRAMADOL/PARACETAMOL KERN PHARMA 37,5MG/325MG 60 COMPRIMID REC PEL EFG",N02AJ13,300.0,0.2,8.88,5.69
682706,"TRAMADOL/PARACETAMOL RATIOPHARM 37,5/325MG 20 COMPRIM RECUB PELIC EFG",N02AJ13,300.0,0.07,2.97,1.9
682775,"TRAMADOL/PARACETAMOL DAVUR 37,5/325MG 20 COMPRIMIDOS REC PEL BLIST EFG",N02AJ13,300.0,0.07,2.97,1.9
682809,HIDROCLORURO DE PETIDINA ALTAN 50MG/ML 1ML 10 AMPOLLAS SOLUCION INYECT,N02AB02,400.0,1.25,0.0,0.0
682810,HIDROCLORURO DE PETIDINA ALTAN 50MG/ML 2ML 10 AMPOLLAS SOLUCION INYECT,N02AB02,400.0,2.5,0.0,0.0
683053,INSTANYL 100MCG 6 ENVASES UNIDOSIS SOLUCION PULVERIZACION NASAL,N02AB03,0.6,1.0,61.26,39.24
683054,INSTANYL 200MCG 6 ENVASES UNIDOSIS SOLUCION PULVERIZACION NASAL,N02AB03,0.6,2.0,61.26,39.24
683055,INSTANYL 50MCG 6 ENVASES UNIDOSIS SOLUCION PULVERIZACION NASAL,N02AB03,0.6,0.5,61.26,39.24
683342,MORFINA CLORHIDRATO 1% 1 AMPOLLA 1ML SOLUCION INYECTABLE,N02AA01,30.0,0.33,0.48,0.31
683359,MORFINA CLORHIDRATO 2% 1 AMPOLLA 1ML SOLUCION INYECTABLE,N02AA01,30.0,0.67,0.55,0.35
683650,"TRAMADOL/PARACETAMOL CINFA 37,5/325MG 20 COMPRIMIDOS RECUB PELIC EFG",N02AJ13,300.0,0.07,2.97,1.9
683651,"TRAMADOL PARACETAMOL CINFA 37,5MG/325MG 60 COMPRIMIDOS RECUB PELIC EFG",N02AJ13,300.0,0.2,8.88,5.69
683652,"TRAMADOL/PARACETAMOL GOIBELA 37,5/325MG 20 COMPRIMIDOS RECUB PELIC EFG",N02AJ13,300.0,0.07,3.34,2.14
821868,ORAMORPH 6MG/ML 30 ENVASES UNIDOSIS 5ML SOLUCION ORAL,N02AA01,100.0,9.0,16.13,10.33
821934,ORAMORPH 2MG/ML 100ML 1 FRASCO SOLUCION ORAL,N02AA01,100.0,2.0,3.59,2.3
821991,ORAMORPH 2MG/ML 250ML SOLUCION ORAL FRASCO,N02AA01,100.0,5.0,8.96,5.74
822171,ADOLONTA 100MG 5 AMPOLLAS 2ML SOLUCION INYECTABLE,N02AX02,300.0,1.67,3.26,2.09
823666,ADOLONTA 100MG 6 SUPOSITORIOS,N02AX02,300.0,2.0,3.25,2.08
823674,ADOLONTA 50MG 20 CAPSULAS,N02AX02,300.0,3.33,2.5,1.6
757435,TERMALDINA CODEINA 300MG/15MG 20 CAPSULAS,N02AJ06,90.0,0.22,2.26,1.45
826313,SOSEGON 50MG 12 COMPRIMIDOS,N02AD01,200.0,3.0,2.64,1.69
826321,SOSEGON 30MG/ML 5 AMPOLLAS 1ML SOLUCION INYECTABLE,N02AD01,200.0,0.75,2.56,1.64
826339,SOSEGON 50MG 12 SUPOSITORIOS,N02AD01,200.0,3.0,2.61,1.67
827477,BOLIDOL CODEINA 500MG/30MG 20 SOBRES GRANULADO EFERVESCENTE,N02AJ06,90.0,0.22,2.83,1.81
829317,TRAMADOL STADA 50MG 60 CAPSULAS EFG,N02AX02,300.0,10.0,6.21,3.98
829911,TRAMADOL TARBIS 200MG 20 COMPRIMIDOS LIBERACION PROLONGADA EFG,N02AX02,300.0,13.33,8.27,5.3
829929,TRAMADOL TARBIS 200MG 60 COMPRIMIDOS LIBERACION PROLONGADA EFG,N02AX02,300.0,40.0,24.82,15.9
830620,SUPRA-LEODIN 20 COMPRIMIDOS,N02AJ09,90.0,0.22,1.94,1.24
832972,ADOLONTA 100MG 12 SUPOSITORIOS,N02AX02,300.0,4.0,6.51,4.17
833640,TERMALDINA CODEINA 650MG/30MG 8 SUPOSITORIOS ADULTOS,N02AJ06,90.0,0.09,1.73,1.11
835942,TILITRATE 100MG/1ML 10ML SOLUCION GOTAS,N02AX01,200.0,5.0,2.17,1.36
845321,VEGANIN 10 SUPOSITORIOS ADULTOS,N02AJ09,90.0,0.11,1.48,0.93
845339,VEGANIN 10 SUPOSITORIOS INFANTIL,N02AJ09,90.0,0.11,1.34,0.84
848119,"DUROGESIC MATRIX 75MCG/HORA 5 PARCHES TRANSDERMICOS 12,6MG",N02AB03,1.2,22.5,43.88,28.11
852301,TIONER RETARD 100MG 20 COMPRIMIDOS LIBERACION PROLONGADA,N02AX02,300.0,6.67,4.14,2.65
852319,TIONER RETARD 100MG 60 COMPRIMIDOS LIBERACION PROLONGADA,N02AX02,300.0,20.0,12.41,7.95
852335,TIONER RETARD 150MG 20 COMPRIMIDOS LIBERACION PROLONGADA,N02AX02,300.0,10.0,6.21,3.98
852343,TIONER RETARD 150MG 60 COMPRIMIDOS LIBERACION PROLONGADA,N02AX02,300.0,30.0,18.62,11.93
852350,TIONER RETARD 200MG 20 COMPRIMIDOS LIBERACION PROLONGADA,N02AX02,300.0,13.33,8.27,5.3
852442,TIONER RETARD 200MG 60 COMPRIMIDOS LIBERACION PROLONGADA,N02AX02,300.0,40.0,24.82,15.9
852616,TRAMADOL ASTA MEDICA 100MG/ML 10ML 1 FRASCO GOTAS ORALES EFG,N02AX02,300.0,3.33,3.18,2.04
852673,TRAMADOL ASTA MEDICA 100MG/ML 30ML 1 FRASCO GOTAS ORALES EFG,N02AX02,300.0,10.0,9.54,6.11
854018,TRAMADOL MABO 50MG 20 CAPSULAS EFG,N02AX02,300.0,3.33,2.5,1.6
854455,TRAMADOL MABO 50MG 60 CAPSULAS EFG,N02AX02,300.0,10.0,6.21,3.98
877076,ANALGIPLUS 500MG/30MG 20 COMPRIMIDOS RECUBIERTOS PELICULA,N02AJ06,90.0,0.22,2.34,1.5
878611,SOSEGON 50MG 6 SUPOSITORIOS,N02AD01,200.0,1.5,1.76,1.13
878728,MORFINA B. BRAUN 10MG/ML 1ML 10 AMPOLLAS SOLUCION INYECTABLE,N02AA01,30.0,3.33,2.89,1.85
879627,ZYTRAM 150MG 7 COMPRIMIDOS LIBERACION CONTROLADA,N02AX02,300.0,3.5,0.0,0.0
879635,ZYTRAM 150MG 28 COMPRIMIDOS LIBERACION CONTROLADA,N02AX02,300.0,14.0,8.7,5.57
879643,ZYTRAM 200MG 7 COMPRIMIDOS LIBERACION CONTROLADA,N02AX02,300.0,4.67,0.0,0.0
879809,ZYTRAM 200MG 28 COMPRIMIDOS LIBERACION CONTROLADA,N02AX02,300.0,18.67,11.58,7.42
879817,ZYTRAM 300MG 7 COMPRIMIDOS LIBERACION CONTROLADA,N02AX02,300.0,7.0,0.0,0.0
879841,ZYTRAM 300MG 28 COMPRIMIDOS LIBERACION CONTROLADA,N02AX02,300.0,28.0,17.37,11.13
879932,ZYTRAM 400MG 7 COMPRIMIDOS LIBERACION CONTROLADA,N02AX02,300.0,9.33,0.0,0.0
879940,ZYTRAM 400MG 28 COMPRIMIDOS LIBERACION CONTROLADA,N02AX02,300.0,37.33,23.17,14.84
880096,ZYTRAM BID 75MG 14 COMPRIMIDOS LIBERACION PROLONGADA,N02AX02,300.0,3.5,2.5,1.6
880104,ZYTRAM BID 75MG 56 COMPRIMIDOS LIBERACION PROLONGADA,N02AX02,300.0,14.0,8.7,5.57
884148,TRALGIOL 50MG 20 CAPSULAS,N02AX02,300.0,3.33,0.0,0.0
884155,TRALGIOL 100MG 6 SUPOSITORIOS,N02AX02,300.0,2.0,3.57,2.29
884163,TRALGIOL 100MG 5 AMPOLLAS 2ML INYECTABLE EFG,N02AX02,300.0,1.67,4.68,3.0
884171,TRALGIOL 100MG 12 SUPOSITORIOS,N02AX02,300.0,4.0,6.78,4.34
891085,MELOKA 10 CAPSULAS,N02AJ09,90.0,0.11,1.56,1.0
891168,TRANSTEC 35MCG/H 5 PARCHES TRANSDERMICOS,N02AE01,1.2,14.0,21.53,13.79
891218,TRANSTEC 35MCG/H 10 PARCHES TRANSDERMICOS,N02AE01,1.2,28.0,43.07,27.59
891291,"TRANSTEC 52,5MCG/H 5 PARCHES TRANSDERMICOS",N02AE01,1.2,21.0,32.3,20.69
891390,"TRANSTEC 52,5MCG/H 10 PARCHES TRANSDERMICOS",N02AE01,1.2,42.0,64.6,41.38
892901,TRANSTEC 70MCG/H 5 PARCHES TRANSDERMICOS,N02AE01,1.2,28.0,43.07,27.59
893271,TRANSTEC 70MCG/H 10 PARCHES TRANSDERMICOS,N02AE01,1.2,56.0,86.12,55.17
897207,MORFINA BRAUN 10MG/ML 1ML 10 AMPOLLAS SOLUCION INYECTABLE,N02AA01,30.0,3.33,0.0,0.0
909473,CO-DAFALGAN 20 COMPRIMIDOS RECUBIERTOS,N02AJ06,90.0,0.22,2.72,1.74
900837,ACTIQ 400MCG 3 COMPRIMIDOS PARA CHUPAR CON APLICADOR BUCAL INTEGRADO,N02AB03,0.6,2.0,25.16,16.12
901090,CALMOPLEX 10 GRAGEAS,N02AJ09,90.0,0.11,1.11,0.71
901108,TRAMADOL SANDOZ 50MG 60 CAPSULAS EFG,N02AX02,300.0,10.0,6.21,3.98
793711,TRAMADOL ARISTO 200MG 60 COMPRIMIDOS LIBERACION PROLONGADA EFG,N02AX02,300.0,40.0,24.82,15.9
901595,TRAMADOL RATIOPHARM 100MG 6 SUPOSITORIOS EFG,N02AX02,300.0,2.0,3.01,1.93
904359,ACTIQ 1600MCG 3 COMPRIMIDOS PARA CHUPAR CON APLICADOR BUCAL INTEGRADO,N02AB03,0.6,8.0,34.84,22.32
909515,TRALGIOL 50MG 20 CAPSULAS,N02AX02,300.0,3.33,3.12,2.0
909523,TRALGIOL 50MG 60 CAPSULAS,N02AX02,300.0,10.0,8.9,5.7
911693,DOLOCATIL CODEINA 650MG/30MG 20 COMPRIMIDOS,N02AJ06,90.0,0.22,2.5,1.6
912485,ACTIQ 1200MCG 3 COMPRIMIDOS PARA CHUPAR CON APLICADOR BUCAL INTEGRADO,N02AB03,0.6,6.0,34.84,22.32
797449,ADOLONTA RETARD 150MG 60 COMPRIMIDOS LIBERACION PROLONGADA,N02AX02,300.0,30.0,18.62,11.93
914432,ACTIQ 400MCG 30 COMPRIMIDOS PARA CHUPAR CON APLICADOR BUCAL INTEGRADO,N02AB03,0.6,20.0,215.45,161.25
915371,ACTIQ 200MCG 3 COMPRIMIDOS PARA CHUPAR CON APLICADOR BUCAL INTEGRADO,N02AB03,0.6,1.0,12.58,8.06
920058,TRAMADOL FARMASIERRA 50MG 60 CAPSULAS EFG,N02AX02,300.0,10.0,6.23,3.99
929638,TRAMADOL RATIOPHARM 100MG 5 AMPOLLAS 2ML SOLUCION INYECTABLE EFG,N02AX02,300.0,1.67,4.68,3.0
935411,ACTIQ 600MCG 3 COMPRIMIDOS PARA CHUPAR CON APLICADOR BUCAL INTEGRADO,N02AB03,0.6,3.0,34.84,22.32
935429,ACTIQ 600MCG 30 COMPRIMIDOS PARA CHUPAR CON APLICADOR BUCAL INTEGRADO,N02AB03,0.6,30.0,235.36,180.4
935437,ACTIQ 800MCG 3 COMPRIMIDOS PARA CHUPAR CON APLICADOR BUCAL INTEGRADO,N02AB03,0.6,4.0,34.84,22.32
935510,TRAMADOL CINFA 50MG 20 CAPSULAS EFG,N02AX02,300.0,3.33,2.5,1.6
935528,TRAMADOL CINFA 50MG 60 CAPSULAS EFG,N02AX02,300.0,10.0,6.21,3.98
942813,TRAMADOL RANBAXY 50MG 20 CAPSULAS EFG,N02AX02,300.0,3.33,2.5,1.6
944108,MIGRALEVE 20 COMPRIMIDOS,N02AJ09,90.0,0.22,0.0,0.0
945444,ACTIQ 200MCG 30 COMPRIMIDOS PARA CHUPAR CON APLICADOR BUCAL INTEGRADO,N02AB03,0.6,10.0,125.85,80.62
951376,TRAMADOL RANBAXY 50MG 60 CAPSULAS EFG,N02AX02,300.0,10.0,6.21,3.98
957092,VERSTADOL 2MG 1 VIAL INYECTABLE,N02AF01,12.0,0.17,0.98,0.63
957100,VERSTADOL 2MG 4 VIALES INYECTABLES,N02AF01,12.0,0.67,2.89,1.85
961425,"BUPREX 0,3MG 6 AMPOLLAS 1ML INYECTABLE",N02AE01,1.2,1.5,4.61,2.95
965178,PENTAZOCINA FIDES 30MG 1 AMPOLLA 1ML INYECTABLE,N02AD01,200.0,0.15,1.09,0.7
965186,MORFINA B. BRAUN 10MG/ML 1ML 1 AMPOLLA SOLUCION INYECTABLE,N02AA01,30.0,0.33,0.0,0.0
965194,MORFINA B. BRAUN 10MG/ML 1ML 1 AMPOLLA SOLUCION INYECTABLE,N02AA01,30.0,0.33,0.67,0.43
965202,MORFINA B. BRAUN 20MG/ML 2ML 1 AMPOLLA SOLUCION INYECTABLE,N02AA01,30.0,1.33,0.69,0.44
967216,"BUPREX 0,2MG 10 COMPRIMIDOS SUBLINGUALES",N02AE01,1.2,1.67,4.67,2.99
967224,"BUPREX 0,2MG 20 COMPRIMIDOS SUBLINGUALES",N02AE01,1.2,3.33,8.68,5.56
967430,OGLOS 10MG/ML 1ML 1 AMPOLLA INYECTABLE,N02AA01,30.0,0.33,0.8,0.51
967448,OGLOS 20MG/ML 2ML 1 AMPOLLA INYECTABLE,N02AA01,30.0,1.33,0.84,0.54
967901,SOSEGON 30MG 1 AMPOLLA 1ML INYECTABLE,N02AD01,200.0,0.15,0.92,0.59
973297,"PREFIN 0,3MG 6 AMPOLLAS 1ML INYECTABLE",N02AE01,1.2,1.5,4.45,2.85
973313,"PREFIN 0,2MG 10 COMPRIMIDOS SUBLINGUALES",N02AE01,1.2,1.67,4.67,2.99
973321,"PREFIN 0,2MG 20 COMPRIMIDOS SUBLINGUALES",N02AE01,1.2,3.33,9.24,5.92
975045,DOLANTINA 50MG/ML 2ML 1 AMPOLLA SOLUCION INYECTABLE,N02AB02,400.0,0.25,1.11,0.71
975516,ANALGIOL 20 COMPRIMIDOS,N02AJ06,90.0,0.22,1.76,1.13
981365,MST 30 CONTINUS 30MG 60 COMPRIMIDOS LIBERACION CONTROLADA,N02AA01,100.0,18.0,26.91,17.24
981373,MST 10 CONTINUS 10MG 60 COMPRIMIDOS LIBERACION CONTROLADA,N02AA01,100.0,6.0,10.76,6.89
981381,MST 60 CONTINUS 60MG 30 COMPRIMIDOS LIBERACION CONTROLADA,N02AA01,100.0,18.0,24.98,16.0
981399,MST 60 CONTINUS 60MG 60 COMPRIMIDOS LIBERACION CONTROLADA,N02AA01,100.0,36.0,49.36,31.62
981407,MST 100 CONTINUS 100MG 30 COMPRIMIDOS LIBERACION CONTROLADA,N02AA01,100.0,30.0,37.22,23.84
981415,MST 100 CONTINUS 100MG 60 COMPRIMIDOS LIBERACION CONTROLADA,N02AA01,100.0,60.0,73.59,47.14
981514,CONTUGESIC 60MG 60 COMPRIMIDOS LIBERACION PROLONGADA,N02AA08,150.0,24.0,8.43,5.4
